uai,effectif_segpa,ips,ecart_type_de_l_ips,ep,ratio_filles_garcons,longueur_nom_etablissement,secteur,effectifs
0780116C,0,87.5,27.8,0,1.0261096605744124,22,1,776
0751793S,0,87.1,29.4,0,1.097938144329897,23,1,407
0951098C,43,84.1,26.4,0,1.017910447761194,21,1,676
0622420U,49,75.8,24.2,0,0.7192307692307692,21,1,447
9760274U,80,77.0,27.0,0,1.0250368188512518,19,1,1375
9760180S,0,89.5,33.4,0,0.968476357267951,29,1,1124
0931224A,0,80.2,23.0,0,1.0089820359281436,20,1,671
0331753B,0,85.5,33.3,0,0.8648648648648649,15,1,414
0590238N,0,78.8,22.9,0,0.9386503067484663,22,1,316
9740576H,0,76.3,26.9,0,0.7035573122529645,20,1,431
0550024C,0,86.8,32.6,0,1.0469483568075117,17,1,436
7200160L,16,92.5,29.4,0,0.9098360655737705,37,1,466
0750591K,0,118.2,41.9,0,0.867595818815331,21,1,536
0840762X,0,82.4,28.0,0,0.8669064748201439,25,1,519
0910624J,0,88.5,27.7,0,0.9959514170040485,21,1,493
0400648M,0,89.9,31.9,0,0.9019607843137255,20,1,582
7200624R,0,117.3,36.2,0,0.9748953974895398,25,1,472
0570069R,0,81.4,32.3,0,0.8114754098360656,21,1,442
0694497N,0,83.7,26.1,0,0.8356164383561644,24,1,268
0730904L,67,93.8,35.3,0,1.0584795321637428,23,1,704
0030838V,103,84.3,28.2,0,0.8823529411764706,24,1,480
0840664R,60,74.4,24.4,0,1.1150442477876106,19,1,717
0541471F,0,76.3,23.1,0,0.9477911646586346,23,1,485
0594394F,41,77.3,32.3,0,0.9270833333333334,19,1,555
0810061B,100,84.5,31.5,0,1.0614754098360655,19,1,503
9760162X,0,66.8,18.5,0,1.1362831858407079,17,1,1207
0770033T,0,81.3,25.4,0,1.0829268292682928,20,1,427
0622576N,54,65.4,15.7,0,1.0544554455445545,14,1,415
0931979W,0,84.1,27.1,0,0.8490028490028491,24,1,649
0951697D,58,93.0,30.3,0,0.8586118251928021,24,1,723
0501300S,0,88.5,28.0,0,1.0735294117647058,24,1,141
0921545E,42,84.1,26.1,0,0.9159420289855073,21,1,661
0593484S,31,82.3,27.4,0,0.7979002624671916,20,1,685
0381604M,0,80.8,29.3,0,0.9017341040462428,15,1,329
0951138W,0,86.2,27.2,0,0.9578313253012049,29,1,650
0931709C,0,78.5,20.5,0,0.9806763285024155,20,1,410
0931612X,62,75.9,19.8,0,1.0034246575342465,16,1,585
0950023J,46,69.8,21.9,0,1.1024096385542168,20,1,698
0691480J,0,84.1,26.8,0,1.0247678018575852,24,1,654
0020090M,66,75.0,25.3,0,0.935672514619883,19,1,662
9741313J,92,70.3,20.3,0,0.8376623376623377,23,1,566
0660018L,0,76.8,22.6,0,1.0095846645367412,25,1,629
0170077S,0,70.9,19.6,0,1.162280701754386,28,1,493
0511085C,0,87.6,33.6,0,1.0418006430868167,22,1,635
0761739C,64,70.1,18.6,0,0.9878787878787879,17,1,328
9740065C,0,78.6,28.5,0,1.0485074626865671,22,1,549
0570318L,0,79.5,27.4,0,1.1554404145077721,19,1,416
0131757P,0,99.6,31.2,0,1.1130742049469964,17,1,598
0911036G,64,74.0,19.9,0,1.0033333333333334,18,1,601
0311630D,86,74.6,22.3,0,1.0390070921985815,16,1,575
0810126X,59,89.9,31.8,0,0.8451327433628318,26,1,417
0931860S,0,80.9,28.5,0,0.988929889298893,26,1,539
0941034N,0,84.0,26.1,0,0.9739130434782609,22,1,454
9720351Z,62,88.2,31.2,0,0.9618320610687023,18,1,257
0572183N,0,91.2,30.9,0,0.8731707317073171,26,1,384
0595169Y,0,78.8,22.2,0,0.7611111111111111,18,1,317
0754355B,37,97.4,37.1,0,0.8583690987124464,23,1,433
0692414Z,42,110.0,37.8,0,0.8159340659340659,28,1,661
0781977A,0,75.7,22.8,0,0.7602040816326531,18,1,345
9740044E,0,79.9,28.7,0,1.0050761421319796,23,1,395
0301208A,0,83.3,27.8,0,0.9026845637583892,20,1,567
0131264D,0,75.4,19.5,0,1.044,18,1,511
0594300D,38,69.4,21.3,0,0.9344262295081968,14,1,354
0681127F,76,70.1,20.2,0,1.0517241379310345,20,1,714
0941044Z,0,82.3,24.2,0,0.9235880398671097,21,1,579
0910049J,0,82.0,26.6,0,0.9027777777777778,20,1,959
0931485J,0,78.0,24.8,0,1.094155844155844,22,1,645
0340118U,0,70.9,26.4,0,1.107883817427386,16,1,508
0572355A,65,88.1,30.5,0,0.8866396761133604,20,1,466
0751706X,0,111.9,43.9,0,1.0092592592592593,21,1,434
0590190L,0,64.6,18.5,0,1.0862068965517242,27,1,484
9760042S,0,86.8,32.0,0,1.0251572327044025,20,1,966
0753939Z,0,81.1,29.5,0,0.9573170731707317,19,1,321
0332082J,0,89.1,32.5,0,1.0649350649350648,24,1,477
0622581U,0,83.0,26.2,0,0.9330357142857143,22,1,433
0590031N,48,76.9,23.9,0,1.063197026022305,17,1,555
0590002G,59,81.5,25.8,0,1.0755667506297228,22,1,824
0881099S,0,94.4,32.5,0,0.8672199170124482,29,1,450
0572587C,46,89.6,29.9,0,0.8448979591836735,19,1,452
0300062E,0,78.9,24.9,0,1.0145985401459854,18,1,552
0601178E,47,79.5,26.0,0,0.98989898989899,22,1,788
0950722U,0,88.7,30.0,0,1,19,1,604
0421684C,0,74.5,26.6,0,1.038709677419355,21,1,316
0171117X,0,103.9,38.3,0,1.1035714285714286,25,1,589
0570104D,0,68.3,25.5,0,0.9758064516129032,28,1,490
0573269U,0,77.1,26.3,0,0.963855421686747,25,1,815
0382035F,85,97.5,43.7,0,1.0149253731343284,21,1,675
9720842H,0,87.8,24.8,0,0.8173076923076923,26,1,189
0681757R,0,76.6,24.2,0,1.1548387096774193,18,1,334
0940749D,0,75.2,20.9,0,1.0291970802919708,21,1,556
9710033J,0,90.8,34.8,0,0.5151515151515151,20,1,50
0761782Z,64,69.3,18.8,0,1.0236966824644549,21,1,427
0740911N,0,85.6,31.7,0,0.8869047619047619,37,1,951
0610057F,51,82.1,28.9,0,0.9903381642512077,19,1,412
0311687R,0,112.3,36.5,0,0.9164086687306502,17,1,619
0511251H,57,68.2,18.4,0,1.0504587155963303,20,1,447
0921179G,0,102.3,31.4,0,0.85,24,1,296
0921621M,0,85.4,28.3,0,0.9834254143646409,18,1,718
0622098U,0,84.1,27.8,0,1.103030303030303,18,1,347
0780577D,0,82.4,24.1,0,0.8164251207729468,22,1,376
0920594W,0,92.0,28.1,0,1.0723981900452488,18,1,458
0383370G,0,89.4,35.4,0,1.0289855072463767,20,1,560
0681284B,0,67.9,19.9,0,0.9008264462809917,12,1,460
0594408W,39,73.3,20.7,0,0.9579439252336449,16,1,419
0511256N,66,87.0,27.4,0,0.8828451882845189,17,1,450
0931188L,0,81.4,23.8,0,0.9429347826086957,24,1,715
9741189Z,0,68.3,18.2,0,1.0288461538461537,20,1,633
0331419N,0,107.4,35.7,0,1.0394736842105263,21,1,620
0131265E,0,77.9,26.5,0,0.8518518518518519,19,1,500
0280716B,53,78.4,23.1,0,0.8303249097472925,29,1,507
0572166V,52,88.4,31.6,0,0.9879518072289156,19,1,660
0931199Y,0,82.2,22.8,0,1.0368098159509203,42,1,664
0280924C,0,92.0,32.1,0,0.9743589743589743,26,1,385
0860799B,0,80.5,30.7,0,1.0894941634241244,19,1,537
0300947S,57,78.8,24.9,0,0.945859872611465,23,1,611
9730182K,0,84.3,30.5,0,1.0200892857142858,30,1,905
9730130D,0,80.3,27.6,0,0.9242902208201893,21,1,610
0931209J,0,77.0,22.8,0,0.8388625592417062,24,1,388
0750550R,0,105.4,41.6,0,0.794392523364486,19,1,384
0762089H,0,87.3,30.4,0,0.9380530973451328,22,1,438
0622268D,44,84.3,29.7,0,1.2258064516129032,19,1,552
0622434J,0,88.4,29.3,0,1.1650943396226414,22,1,459
0932580Z,0,85.1,28.0,0,0.9446366782006921,29,1,562
0931005M,0,83.6,28.5,0,0.9888888888888889,20,1,537
0762679Z,48,88.9,29.4,0,0.9710144927536232,20,1,408
9740703W,0,78.4,26.4,0,1.1155115511551155,37,1,641
0931219V,0,94.9,36.7,0,1.0891472868217054,29,1,539
0660016J,0,78.7,26.8,0,0.9764705882352941,20,1,504
0061211J,65,84.3,27.1,0,0.84375,21,1,885
0932262D,0,79.1,23.7,0,1.0611620795107033,21,1,674
0594524X,51,73.1,20.8,0,0.9819277108433735,19,1,329
0590183D,0,68.3,20.6,0,1.0523560209424083,25,1,392
0931217T,0,96.6,36.4,0,0.9709090909090909,38,1,542
0921160L,0,87.2,33.1,0,0.9002770083102493,29,1,686
0382174G,115,87.4,30.7,0,0.9834905660377359,24,1,841
0631238D,66,86.9,30.4,0,0.923728813559322,25,1,681
0930893R,60,77.4,24.5,0,1.0144578313253012,28,1,836
0131884C,0,72.8,19.6,0,0.9866666666666667,20,1,596
0540088C,0,77.1,18.8,0,1.2156862745098038,22,1,226
0280656L,0,82.4,32.3,0,0.9924812030075187,18,1,265
0021518P,0,86.5,28.1,0,0.9950248756218906,27,1,401
0020054Y,0,67.7,21.7,0,1.031055900621118,17,1,327
0580012Y,0,103.1,29.4,0,0.9827586206896551,20,1,115
0932579Y,0,92.2,33.2,0,0.910394265232975,21,1,533
7200027S,0,99.7,29.5,0,1.3191489361702127,15,1,109
0820588U,62,96.7,35.2,0,0.9313725490196079,24,1,1182
0801341Y,60,81.0,26.0,0,1.0209205020920502,21,1,483
0061174U,0,81.1,24.0,0,0.7551724137931034,22,1,509
0670004R,52,82.8,31.1,0,0.9315068493150684,15,1,705
0761701L,65,89.1,27.0,0,0.927710843373494,20,1,640
0350895H,62,73.9,26.8,0,1.0602409638554218,18,1,513
0060840F,61,83.9,26.7,0,0.9302325581395349,24,1,830
0931207G,0,85.9,25.6,0,0.9393939393939394,23,1,512
9741045T,0,79.1,26.8,0,1.032258064516129,13,1,504
0752606A,0,88.3,25.0,0,1.2189349112426036,22,1,375
0132403S,0,86.1,27.8,0,1.1111111111111112,23,1,380
9730193X,48,72.0,20.4,0,0.9694915254237289,22,1,581
0141268C,0,82.5,30.4,0,0.9658385093167702,30,1,633
0931184G,62,78.9,22.0,0,0.8093922651933702,19,1,655
0330140Y,46,74.0,25.2,0,0.9090909090909091,18,1,567
0931195U,0,79.0,24.7,0,0.9586206896551724,23,1,568
0332189A,0,92.9,34.2,0,0.8979591836734694,22,1,465
0931186J,0,85.3,27.2,0,1.0034482758620689,21,1,581
0390883Y,97,88.0,30.6,0,0.8526645768025078,21,1,591
0921778H,0,88.3,26.5,0,1.0208333333333333,20,1,388
0594392D,0,85.3,29.8,0,0.9370629370629371,20,1,277
0692343X,60,67.3,19.6,0,0.9116022099447514,20,1,692
0931221X,77,74.5,24.0,0,0.907051282051282,21,1,595
0573268T,20,67.0,19.4,0,0.8493975903614458,22,1,307
0550701N,38,80.7,31.8,0,0.9652777777777778,23,1,283
0450069F,0,89.3,27.5,0,0.8636363636363636,17,1,451
0771621U,0,92.7,29.5,0,1.2684563758389262,24,1,338
0590131X,0,74.4,26.8,0,0.9711934156378601,19,1,479
0790004A,0,84.2,22.7,0,0.9647058823529412,15,1,167
0290149E,61,73.1,21.5,0,1.0055248618784531,17,1,363
0931434D,0,78.9,23.4,0,0.9807692307692307,22,1,618
0594293W,0,73.2,22.3,0,0.9962406015037594,22,1,531
0300059B,0,72.9,22.5,0,0.9571984435797666,19,1,503
0131604Y,0,65.1,16.4,0,1.033210332103321,20,1,551
0594634S,50,72.9,25.1,0,0.8611111111111112,22,1,402
0771172F,66,72.7,20.9,0,0.9157509157509157,20,1,523
0132412B,93,93.3,30.2,0,1.0637119113573408,20,1,745
0950886X,49,76.3,21.7,0,0.9515570934256056,20,1,564
0931883S,0,77.8,28.4,0,0.9397590361445783,19,1,322
9740645H,63,73.2,26.8,0,0.7833622183708839,38,1,1029
0160864C,63,83.6,26.6,0,0.8193832599118943,22,1,413
0781986K,0,88.2,31.4,0,1.0984848484848484,16,1,277
0820017Y,46,88.2,32.0,0,0.9029126213592233,27,1,784
0890024T,0,84.5,28.5,0,1,19,1,494
0911042N,0,86.4,25.1,0,1.0078125,19,1,771
0761781Y,43,83.6,24.1,0,0.9948453608247423,19,1,387
9730145V,43,77.5,26.1,0,1.0636363636363637,19,1,227
0160884Z,0,83.9,27.7,0,0.7808988764044944,28,1,317
0622262X,55,82.4,27.7,0,0.9966996699669967,20,1,605
0691645N,0,80.6,28.1,0,0.9879518072289156,15,1,495
0240055E,0,101.4,28.4,0,0.780952380952381,21,1,187
0761696F,0,88.0,27.1,0,1.0497737556561086,22,1,453
0691730F,0,74.2,23.8,0,0.922879177377892,19,1,748
9730381B,48,71.9,15.7,0,0.8275862068965517,47,1,212
0421176A,59,65.3,18.2,0,0.8051948051948052,20,1,417
0931707A,60,89.9,29.4,0,0.9162011173184358,21,1,686
9760368W,110,59.6,18.6,0,0.963151207115629,16,1,1545
0931788N,0,86.1,23.8,0,0.9553264604810997,21,1,569
0595782P,0,74.2,23.5,0,1.0372670807453417,17,1,328
9740035V,124,75.6,27.8,0,0.7931873479318735,25,1,737
0930043S,0,95.5,32.3,0,1.0689655172413792,24,1,540
0870072F,0,84.7,33.0,0,1.0242424242424242,21,1,668
0280753S,0,93.1,30.3,0,0.9153094462540716,22,1,588
0330163Y,47,87.9,29.1,0,0.9363295880149812,18,1,517
0572023P,31,78.1,30.3,0,1.0107142857142857,25,1,563
9720446C,41,82.0,21.9,0,1.06,21,1,206
0131261A,0,71.2,19.6,0,0.8597285067873304,22,1,411
0870729V,0,73.8,22.9,0,0.968,25,1,246
9740546A,0,92.0,36.5,0,0.9361702127659575,23,1,1092
0631522M,56,73.7,21.7,0,0.9692832764505119,20,1,577
0830069Z,47,80.3,25.0,0,0.8085539714867617,20,1,888
0920854D,0,94.1,28.6,0,1.0162337662337662,24,1,621
0594297A,30,83.9,25.5,0,0.8037383177570093,19,1,386
0694295U,0,87.5,26.9,0,0.9547325102880658,17,1,475
0100009F,0,83.9,28.9,0,0.9540983606557377,20,1,596
0931429Y,0,78.1,20.4,0,0.7994652406417112,18,1,673
0590068D,0,87.1,31.6,0,0.8988095238095238,19,1,638
0760075U,64,83.7,26.7,0,1.0194174757281553,13,1,624
0941095E,52,79.6,22.8,0,0.9204152249134948,19,1,555
0511108C,60,74.0,21.8,0,0.9269102990033222,17,1,580
0330106L,0,95.0,35.8,0,0.9628099173553719,27,1,475
0931216S,0,73.6,22.9,0,0.8724279835390947,19,1,455
0951993A,0,68.5,21.0,0,1.0849673202614378,26,1,638
0280024Z,0,87.5,26.5,0,0.8708333333333333,21,1,449
0752196E,48,88.3,34.0,0,0.9595959595959596,19,1,388
0921675W,35,86.0,33.8,0,0.8909090909090909,24,1,520
0940786U,0,79.6,22.8,0,1.0826771653543308,20,1,529
0100807Y,56,82.4,30.2,0,0.8862068965517241,26,1,547
0691483M,0,81.1,25.4,0,0.9841897233201581,20,1,502
0750429J,0,125.0,40.7,0,0.9365853658536586,23,1,397
0931710D,0,86.3,26.5,0,0.9923954372623575,24,1,524
0131260Z,0,70.2,18.5,0,0.964824120603015,22,1,391
0780180X,0,80.9,23.3,0,1.101010101010101,19,1,624
0601177D,58,75.0,23.5,0,0.9277389277389277,29,1,827
0900351T,66,70.1,24.8,0,0.9787234042553191,23,1,372
0951195H,58,92.5,34.3,0,0.8837209302325582,21,1,729
0911402E,56,83.9,25.6,0,0.8567774936061381,19,1,726
0851163C,0,87.7,25.7,0,0.952,28,1,244
0511474A,0,85.4,28.5,0,0.9682539682539683,31,1,372
0911024U,0,83.3,26.8,0,1.0105263157894737,21,1,573
9730237V,0,78.8,28.1,0,0.9577922077922078,37,1,603
0670065G,0,87.0,28.7,0,1.0410958904109588,15,1,447
0921168V,31,90.5,30.2,0,0.89272030651341,22,1,494
0440309X,0,76.2,19.6,0,1.2097902097902098,18,1,316
9720021R,59,101.4,28.5,0,0.8908554572271387,20,1,641
0681961M,0,85.0,32.5,0,0.9563636363636364,15,1,538
0900006T,0,86.8,34.5,0,0.9315960912052117,24,1,593
0720081X,0,79.4,28.7,0,1.0274725274725274,22,1,369
0341364Y,0,82.7,27.7,0,0.78125,22,1,456
9740027L,0,79.4,33.2,0,0.9797979797979798,31,1,784
0550758A,29,82.3,28.5,0,1.2528735632183907,22,1,196
0921394R,52,86.6,27.0,0,1.0711297071129706,20,1,495
0594389A,56,64.6,18.7,0,0.8517241379310345,18,1,537
0680111B,101,72.2,22.3,0,0.8591549295774648,21,1,660
0860984C,59,92.2,32.1,0,0.9461077844311377,22,1,650
0491703K,57,71.2,23.2,0,0.7262569832402235,18,1,309
0595277R,85,77.3,28.6,0,1.0214285714285714,23,1,566
0080017A,26,91.0,28.5,0,1.016,19,1,252
0622425Z,0,81.2,28.6,0,0.865625,21,1,597
0911334F,63,80.3,24.4,0,0.9174041297935103,20,1,650
9710826W,0,94.8,34.4,0,0.9936708860759493,24,1,630
0752557X,0,117.8,41.6,0,1.185430463576159,21,1,330
0931204D,0,72.5,22.8,0,0.9354005167958657,21,1,749
0622947S,53,95.8,34.7,0,1.0757575757575757,19,1,685
0593664M,0,71.4,22.2,0,1.2352941176470589,20,1,342
0040055N,81,87.8,30.2,0,0.9681528662420382,18,1,618
0930894S,63,90.2,29.2,0,0.8764568764568764,24,1,805
0622943M,56,81.6,25.4,0,1.1297071129707112,26,1,509
0640227Z,58,96.4,40.2,0,0.9742990654205608,23,1,845
0240037K,27,92.8,30.1,0,1.1886792452830188,19,1,580
0911253T,0,65.1,17.7,0,1.0578231292517006,20,1,605
0594418G,0,73.6,22.3,0,1.0384615384615385,25,1,318
0594303G,0,79.0,23.3,0,0.8326693227091634,23,1,460
0410793P,0,84.1,28.5,0,1.1808510638297873,24,1,410
0680084X,98,66.7,22.7,0,1.0988593155893536,15,1,552
0570326V,47,73.5,28.3,0,1.046692607003891,24,1,526
0131605Z,62,59.0,16.9,0,0.971875,21,1,631
0600007G,0,72.5,24.1,0,0.8700906344410876,21,1,619
0921180H,0,86.3,29.4,0,1.0394736842105263,22,1,310
0941602F,0,91.5,30.6,0,1.1337209302325582,24,1,367
0331880P,59,86.5,34.8,0,0.9050632911392406,20,1,602
0597004T,0,77.9,26.6,0,1.1719457013574661,21,1,480
0021492L,65,65.7,16.6,0,0.9920948616600791,22,1,504
0594299C,0,67.3,18.3,0,0.9512195121951219,14,1,400
0593178J,45,85.8,31.7,0,0.915057915057915,25,1,496
0572491Y,0,78.4,27.4,0,1.0948275862068966,22,1,243
0251127P,0,82.0,32.2,0,0.9905362776025236,16,1,631
0950749Y,0,72.8,21.1,0,0.9581749049429658,21,1,515
0622428C,58,84.3,30.1,0,0.7816901408450704,22,1,506
0490042E,0,81.6,23.2,0,1.0754716981132075,28,1,220
0690249W,0,79.4,26.1,0,1.027681660899654,20,1,586
0941478W,0,83.6,25.3,0,0.9572192513368984,23,1,366
0671691Z,81,74.7,23.0,0,0.9777777777777777,17,1,623
0830180V,83,67.9,20.3,0,0.8888888888888888,20,1,629
0580682B,0,92.8,28.2,0,0.8723404255319149,19,1,352
9740572D,123,77.9,26.6,0,0.7858439201451906,23,1,984
0470102F,0,76.6,25.9,0,0.8653846153846154,20,1,291
0750507U,58,102.5,41.5,0,0.95578231292517,24,1,575
0622868F,42,74.4,22.2,0,0.867704280155642,19,1,480
0750484U,0,95.4,34.8,0,0.78125,14,1,285
0931433C,50,76.4,20.9,0,0.9316455696202531,22,1,763
0761737A,0,85.6,28.9,0,0.8952380952380953,21,1,398
0780514K,0,88.0,26.3,0,0.9318801089918256,18,1,709
0710056A,63,73.5,23.3,0,0.9948186528497409,19,1,385
0090490J,0,94.0,28.6,0,1.0176991150442478,21,1,228
0620198D,0,76.6,25.4,0,1.1421052631578947,20,1,407
0881145S,46,97.3,31.6,0,0.9067796610169492,22,1,450
9730218Z,0,73.4,22.5,0,0.988950276243094,32,1,720
9730337D,45,70.6,14.9,0,0.9556313993174061,26,1,573
0421919H,62,76.9,25.0,0,0.9144981412639405,27,1,515
0311325X,69,87.5,30.9,0,1.1,16,1,420
0753938Y,0,90.0,30.3,0,0.9904306220095693,23,1,416
0751707Y,53,104.6,40.7,0,0.8959276018099548,25,1,419
0010987T,0,86.4,33.0,0,1.018987341772152,20,1,638
0752198G,51,87.5,31.4,0,0.8333333333333334,28,1,495
0941231C,0,84.8,29.5,0,1.0357142857142858,21,1,456
0300037C,62,85.2,24.8,0,1.0806045340050379,18,1,826
0753345D,0,96.4,27.6,0,1.1467391304347827,23,1,395
9740812P,125,71.0,20.9,0,1.0856269113149848,15,1,682
9741366S,0,71.4,22.3,0,0.9309462915601023,18,1,755
9730020J,89,74.5,23.7,0,0.9020715630885122,23,1,1010
0780255D,0,84.2,25.0,0,1.0134228187919463,22,1,600
0622799F,43,82.9,27.7,0,1.0608695652173914,20,1,474
0941296Y,51,87.8,27.6,0,0.9703947368421053,17,1,599
0860876K,59,84.2,30.6,0,0.9278996865203761,19,1,615
9710025A,0,93.9,29.3,0,1.096774193548387,21,1,195
0132491M,117,74.2,24.1,0,0.7715877437325905,23,1,636
0780420H,52,92.1,29.0,0,1.083623693379791,21,1,598
0730901H,0,78.6,31.8,0,1.241635687732342,19,1,603
6200084X,0,105.4,30.3,0,0.875,19,1,750
0771476L,0,89.7,29.1,0,1.062937062937063,24,1,590
0132404T,0,65.4,21.2,0,0.9362549800796812,20,1,486
0331619F,72,78.0,27.8,0,0.978021978021978,24,1,540
0421686E,63,71.7,22.1,0,0.9227053140096618,18,1,398
0421451Z,60,76.2,20.4,0,0.7668393782383419,19,1,341
0440013A,0,94.3,30.6,0,0.8894009216589862,16,1,410
0881146T,50,106.9,35.2,0,0.8075,26,1,723
6200006M,74,80.1,31.5,0,0.8992443324937027,22,1,754
0331885V,56,87.5,30.2,0,0.9526462395543176,19,1,701
0351851X,60,82.9,35.6,0,0.9473684210526315,21,1,592
0340996Y,56,70.3,17.9,0,1.187116564417178,35,1,713
0951356H,0,81.2,25.7,0,0.9463276836158192,20,1,689
9710406P,77,82.5,26.1,0,1.012448132780083,25,1,485
9730219A,29,74.7,21.6,0,1,27,1,168
0622791X,55,77.1,25.0,0,0.8990536277602523,19,1,602
0761697G,0,87.2,27.6,0,0.8201754385964912,22,1,415
0941679P,0,96.9,29.9,0,1.0773809523809523,19,1,349
9741346V,64,88.8,34.7,0,0.9668367346938775,25,1,771
0134022B,77,88.1,27.2,0,0.8187311178247734,21,1,602
0450055R,56,85.5,31.4,0,1.0141843971631206,21,1,568
0810787R,0,89.9,31.3,0,0.9660194174757282,19,1,405
0622871J,57,88.0,31.2,0,1.062937062937063,23,1,590
0590157A,0,81.8,26.0,0,0.9747899159663865,21,1,470
0890030Z,0,91.9,30.9,0,0.8780487804878049,25,1,462
0941022A,53,102.4,34.2,0,0.976401179941003,17,1,670
0071156U,74,84.9,34.1,0,1.0123456790123457,21,1,815
9760009F,0,64.3,16.6,0,1.0468540829986612,18,1,1529
0600022Y,0,68.9,21.7,0,0.837465564738292,21,1,667
0371158H,0,88.7,29.6,0,0.972972972972973,18,1,292
0670066H,61,83.2,36.0,0,0.9347826086956522,23,1,801
0623314R,0,79.3,27.0,0,1.160220994475138,23,1,391
0572180K,51,73.4,24.9,0,1.1475409836065573,18,1,524
0291087Z,64,89.1,33.2,0,0.9305019305019305,17,1,500
0360544W,0,90.9,27.6,0,0.8861386138613861,21,1,381
0952036X,0,76.6,24.8,0,1.0592592592592593,21,1,556
0693834T,0,83.9,32.2,0,0.8881118881118881,22,1,540
0671822S,0,73.0,20.2,0,0.9819494584837545,17,1,549
0280918W,94,76.0,24.1,0,0.9085714285714286,22,1,334
0440536U,0,90.6,38.2,0,0.9468085106382979,22,1,366
0951909J,0,101.2,31.6,0,0.9849624060150376,23,1,528
0930897V,0,76.8,24.6,0,1.08,21,1,624
0932726H,0,87.1,30.4,0,0.8083333333333333,21,1,434
0590062X,36,71.6,23.4,0,0.8538205980066446,15,1,558
9730307W,178,78.1,22.3,0,1.0169811320754718,33,1,1069
0340031Z,0,78.2,26.9,0,0.8853333333333333,24,1,707
0330103H,61,87.7,26.4,0,0.9761904761904762,26,1,830
9710938T,0,87.6,25.2,0,0.9882005899705014,25,1,674
0132409Y,91,84.3,31.5,0,0.875,23,1,660
0941040V,0,82.5,23.2,0,0.9568965517241379,18,1,454
0382104F,91,84.6,28.1,0,0.9275862068965517,20,1,559
0211357L,0,85.1,32.6,0,1.0227272727272727,28,1,534
0080925M,0,66.7,16.7,0,1.0895522388059702,20,1,280
0750575T,0,92.4,36.8,0,0.94,22,1,388
0761698H,0,81.6,25.6,0,0.7062937062937062,22,1,244
0801616X,63,78.9,27.3,0,0.875,21,1,360
0440284V,0,78.7,32.3,0,1.0158102766798418,16,1,510
0301013N,65,72.6,23.8,0,0.9139344262295082,19,1,467
0671825V,0,68.3,20.9,0,0.9508196721311475,25,1,595
0500068C,48,85.5,26.5,0,0.8712121212121212,21,1,247
0132314V,0,87.3,27.7,0,0.8861111111111111,18,1,679
0940006W,58,88.3,25.4,0,0.775,25,1,639
0840033E,0,86.7,27.4,0,0.8303571428571429,16,1,410
0131888G,0,100.8,34.3,0,1.0932835820895523,20,1,561
0810127Y,0,88.0,29.8,0,1.1125827814569536,21,1,319
9720848P,0,99.3,29.9,0,0.792,23,1,224
0771420A,58,75.3,21.2,0,1.0198675496688743,20,1,610
0951617S,0,88.0,28.1,0,0.9230769230769231,22,1,550
0594632P,44,88.4,34.9,0,0.9897610921501706,21,1,583
0931196V,0,82.3,23.2,0,0.858085808580858,21,1,563
0572017H,27,83.4,25.4,0,0.9878787878787879,19,1,328
0350708E,98,90.1,25.2,0,0.8109756097560976,18,1,594
0421486M,0,88.1,30.9,0,1.0964467005076142,22,1,413
0562028A,0,85.2,30.4,0,0.864963503649635,19,1,511
0911027X,50,84.1,24.8,0,0.8337468982630273,32,1,739
0620068M,0,84.7,27.7,0,1.0105820105820107,29,1,380
0382110M,62,91.0,29.1,0,0.891566265060241,22,1,785
0781618K,0,84.7,25.9,0,1.0378151260504203,23,1,485
0100905E,62,86.0,27.8,0,0.9790940766550522,25,1,568
0921159K,0,84.5,30.0,0,0.9627329192546584,21,1,632
0610045T,0,90.5,24.8,0,1.0303030303030303,27,1,201
0441608J,57,76.3,30.0,0,0.935672514619883,21,1,331
0596529B,0,89.6,30.9,0,0.8832116788321168,38,1,516
0210025N,0,93.8,33.2,0,0.9186046511627907,20,1,330
0180037T,0,75.4,25.6,0,0.8231046931407943,24,1,505
0631762Y,0,88.1,26.9,0,1.097902097902098,21,1,300
0271104D,0,88.0,29.2,0,0.9592760180995475,20,1,433
0940516A,0,113.1,38.8,0,0.8758314855875832,38,1,846
0950711G,0,73.8,19.4,0,1.034013605442177,19,1,598
0421677V,0,97.1,38.8,0,0.9708333333333333,22,1,473
0360541T,61,69.2,21.0,0,1.010204081632653,18,1,394
0620170Y,46,73.8,22.7,0,0.7899543378995434,21,1,392
0770019C,94,85.1,29.0,0,1.0604229607250755,23,1,682
9740096L,0,76.5,23.3,0,0.9254658385093167,20,1,310
0350963G,62,90.4,35.9,0,0.9710144927536232,25,1,680
0781101Y,0,122.3,37.1,0,0.8314606741573034,20,1,489
0441727N,0,86.7,25.4,0,1.15,22,1,344
9730374U,97,82.9,29.3,0,0.8767676767676768,29,1,929
0190635M,56,72.7,20.2,0,0.8820960698689956,19,1,431
0760050S,0,81.2,22.0,0,1.0429184549356223,20,1,476
0280865N,54,81.1,25.5,0,0.9713114754098361,20,1,481
9730329V,110,65.2,16.2,0,1.1122625215889466,23,1,1223
0950885W,0,78.9,24.1,0,0.9661654135338346,26,1,523
0931145P,58,85.2,26.9,0,0.9271356783919598,19,1,767
9760119A,0,77.4,22.8,0,0.9550321199143469,18,1,913
0440023L,59,121.1,44.0,0,0.9594272076372315,17,1,821
0690036P,40,75.4,20.6,0,0.9274193548387096,25,1,478
0830953K,0,86.4,30.6,0,1.0152439024390243,15,1,661
0450789N,0,86.9,32.5,0,0.8926829268292683,21,1,388
0931200Z,51,79.1,27.4,0,0.8975069252077562,21,1,685
0780032L,0,89.5,29.5,0,0.9713261648745519,21,1,550
0593667R,57,62.2,17.1,0,1.0761245674740485,18,1,600
0340972X,0,87.2,30.5,0,0.8418803418803419,19,1,431
0801512J,67,88.3,32.6,0,0.8346666666666667,19,1,688
0490022H,0,86.0,30.2,0,1.1021505376344085,26,1,391
0830834F,0,82.1,29.1,0,1.070110701107011,21,1,561
0300141R,88,67.7,16.4,0,0.8764367816091954,17,1,653
0601605U,0,83.6,29.0,0,1.033434650455927,19,1,669
0800018K,65,91.8,34.2,0,0.762532981530343,21,1,668
0771029A,0,77.9,25.3,0,0.8297872340425532,20,1,688
0060799L,57,84.0,27.4,0,0.9710843373493976,19,1,818
9740702V,120,77.4,28.7,0,0.7869249394673123,22,1,738
0622946R,0,88.5,28.4,0,0.8468468468468469,20,1,410
0801373H,41,96.5,36.2,0,0.9327731092436975,19,1,690
0382044R,0,78.1,24.1,0,0.945273631840796,21,1,391
0950026M,75,80.5,24.4,0,1.0082644628099173,33,1,729
0761703N,49,74.7,24.3,0,1.0063694267515924,20,1,315
0593686L,0,69.0,25.0,0,0.9738562091503268,20,1,302
0620180J,61,83.6,25.7,0,0.9566666666666667,17,1,587
0470049Y,0,89.8,31.9,0,1.0114503816793894,22,1,527
9740620F,0,75.1,27.1,0,0.80083857442348,20,1,859
0080910W,0,83.7,28.4,0,0.9819277108433735,15,1,329
0951920W,0,78.0,24.9,0,1.055793991416309,25,1,479
0132561N,0,76.1,33.8,0,0.8921568627450981,22,1,386
0331891B,0,89.0,29.3,0,0.9559322033898305,19,1,577
0220008P,0,85.8,23.5,0,1.1458333333333333,23,1,206
0530484N,62,80.1,30.0,0,0.8813559322033898,22,1,444
0311232W,0,102.1,38.6,0,1.0126582278481013,22,1,318
0940787V,0,81.9,26.3,0,1.144578313253012,23,1,356
0490921K,0,95.5,36.3,0,0.7653958944281525,25,1,602
0623018U,55,85.9,26.5,0,1.0188679245283019,21,1,428
0942482M,0,86.3,23.8,0,0.9743589743589743,19,1,539
0720068H,0,90.5,36.1,0,0.9176470588235294,20,1,326
0921631Y,0,91.0,31.0,0,0.9588477366255144,22,1,476
9740083X,0,71.5,22.9,0,0.8544776119402985,28,1,497
0020039G,0,86.9,29.6,0,1.1703703703703703,23,1,293
0251397H,0,81.7,31.9,0,0.8248587570621468,25,1,323
0620219B,54,76.8,23.9,0,0.9289099526066351,32,1,407
0691479H,0,78.4,26.7,0,0.9399141630901288,20,1,452
9720084J,45,85.4,26.5,0,0.7088607594936709,25,1,270
0850014D,0,95.3,25.1,0,0.9694656488549618,25,1,258
9720012F,29,97.9,28.8,0,0.8453038674033149,20,1,334
9740598G,125,76.6,25.2,0,0.8882783882783882,23,1,1031
0593185S,52,76.2,24.4,0,0.8937329700272479,22,1,695
0450936Y,53,82.2,29.4,0,1.0301204819277108,20,1,674
0520737U,0,88.3,32.5,0,0.8556701030927835,19,1,360
0132212J,59,76.8,20.7,0,0.9408602150537635,24,1,361
9740548C,0,78.6,25.8,0,1.046583850931677,21,1,659
9710405N,54,87.6,28.2,0,0.834983498349835,14,1,556
0250056A,63,79.5,28.8,0,0.9921875,25,1,765
9730248G,0,69.5,21.8,0,1.053191489361702,41,1,965
0132323E,23,86.3,26.2,0,0.8129496402877698,30,1,504
0421689H,0,64.4,19.8,0,0.9347826086956522,20,1,267
0931181D,56,92.9,35.9,0,1.0409556313993173,24,1,598
0690076H,0,81.1,31.2,0,0.8771929824561403,21,1,321
0831115L,0,85.4,28.3,0,1.18,21,1,327
0290100B,0,92.3,36.4,0,1.0041666666666667,23,1,481
0251080N,64,65.7,20.4,0,1.019543973941368,15,1,620
6200041A,10,97.9,27.5,0,0.9,19,1,266
0080949N,0,84.2,28.1,0,0.8728323699421965,19,1,324
0381780D,0,74.3,23.3,0,0.963855421686747,17,1,489
0692159X,58,71.1,21.4,0,0.8861538461538462,25,1,613
0931151W,63,95.6,34.6,0,0.9466192170818505,19,1,547
0260978X,60,93.5,32.1,0,1.0451807228915662,21,1,679
9760371Z,121,77.4,22.9,0,1.0635658914728683,19,1,1331
0671907J,60,73.2,25.4,0,1.1657754010695187,16,1,810
9760314M,0,71.2,27.5,0,1.0179558011049723,19,1,1461
0931381W,63,97.3,37.3,0,1.0533333333333332,23,1,770
0762132E,0,72.0,20.3,0,0.841726618705036,19,1,256
0180593X,64,83.7,31.1,0,0.96875,19,1,630
9710041T,0,86.0,26.1,0,1.2659574468085106,19,1,213
0931211L,0,88.1,31.0,0,0.7291666666666666,26,1,415
0691666L,48,75.7,24.6,0,0.8832116788321168,20,1,516
0510052E,23,91.1,27.4,0,0.9758454106280193,21,1,409
0132322D,0,90.2,28.5,0,0.8884615384615384,19,1,491
0691793Z,0,77.5,26.3,0,0.924901185770751,22,1,487
0594402P,50,72.3,20.9,0,0.92,21,1,576
0501205N,52,80.5,26.8,0,0.9431818181818182,21,1,342
0660017K,0,85.4,32.5,0,0.9137931034482759,17,1,444
9760094Y,0,59.7,17.6,0,1.1009771986970684,20,1,1290
0390924T,56,85.8,29.7,0,1.148936170212766,25,1,404
0020067M,64,88.8,30.0,0,0.7918367346938775,17,1,439
0592714E,27,69.0,22.8,0,0.898989898989899,28,1,376
0221037H,0,89.4,27.5,0,0.9603960396039604,22,1,198
0230507B,53,95.8,26.7,0,1.034965034965035,27,1,291
9740596E,26,80.5,30.7,0,1.1111111111111112,22,1,570
0720987G,0,60.8,15.0,0,1.0382513661202186,20,1,373
0931229F,45,82.8,23.9,0,1.1196013289036544,14,1,638
0762080Y,44,82.7,23.4,0,0.9864864864864865,21,1,294
0801489J,0,89.1,27.2,0,0.9285714285714286,23,1,297
0930900Y,0,72.9,21.0,0,0.8411214953271028,27,1,591
7200012A,0,79.7,23.1,0,1,20,1,278
0572493A,0,71.9,24.4,0,1.134453781512605,20,1,254
0941603G,61,92.9,29.9,0,0.8481848184818482,22,1,560
0752195D,0,96.5,38.1,0,1.018987341772152,22,1,319
0541327Z,0,75.0,32.3,0,0.7664670658682635,19,1,295
0594881K,0,90.7,39.1,0,1.0052631578947369,24,1,381
0691669P,0,89.3,28.2,0,1.0759075907590758,23,1,629
0594290T,32,82.9,26.8,0,0.8070175438596491,21,1,309
0781955B,0,81.7,29.4,0,0.8828451882845189,21,1,450
0752694W,0,91.3,30.8,0,0.9744897959183674,23,1,387
9720019N,0,92.7,27.8,0,1,20,1,286
9760245M,0,64.5,19.9,0,1.0846501128668171,18,1,1847
0590200X,0,82.6,25.1,0,0.6958333333333333,19,1,407
0720989J,60,81.3,24.6,0,1.0239043824701195,19,1,508
0211523S,0,93.0,32.6,0,1.1139240506329113,18,1,334
0131885D,0,64.5,20.2,0,1.07,23,1,621
0341321B,56,79.3,25.3,0,0.9584569732937686,31,1,660
0931206F,0,72.7,21.8,0,1.0449438202247192,18,1,546
0762919K,0,78.2,25.5,0,0.9696969696969697,29,1,390
0511802G,0,72.4,22.2,0,0.9664804469273743,22,1,352
0910716J,0,86.6,27.1,0,1.1372549019607843,19,1,327
0520049W,67,71.6,25.1,0,0.9444444444444444,18,1,385
9710710V,57,89.9,27.7,0,0.9361179361179361,23,1,788
0601718S,0,93.2,29.3,0,0.9330357142857143,28,1,433
0622094P,44,88.1,29.4,0,0.8360655737704918,19,1,672
0131704G,60,63.4,17.8,0,0.8963414634146342,22,1,622
0301098F,61,79.8,26.3,0,0.8896321070234113,20,1,565
0771518G,0,84.0,25.0,0,1.0028818443804035,20,1,695
0350052S,0,95.0,27.9,0,1.1805555555555556,21,1,157
0650031F,0,89.9,34.6,0,1.05,14,1,492
9730348R,0,64.1,14.8,0,0.9559471365638766,22,1,888
9730394R,0,70.7,23.1,0,0.9587628865979382,48,1,950
0931194T,63,79.2,21.0,0,1.011820330969267,18,1,851
0711323C,0,77.7,25.3,0,0.9324324324324325,20,1,286
9710072B,0,80.1,25.6,0,0.92,22,1,192
0951945Y,0,77.5,26.0,0,0.9132231404958677,19,1,463
0382032C,0,72.7,24.9,0,0.8960396039603961,20,1,383
0541469D,0,68.8,18.7,0,1.336283185840708,19,1,264
0133352Y,0,89.9,32.6,0,0.9238095238095239,23,1,404
0341278E,60,69.4,21.5,0,0.9241379310344827,22,1,837
0080826E,53,70.5,20.4,0,0.9084967320261438,14,1,292
0601179F,0,88.4,28.4,0,0.9098143236074271,26,1,720
0870791M,54,85.5,29.1,0,0.963963963963964,22,1,436
0301012M,0,81.6,29.3,0,1.05,20,1,328
0762133F,0,87.5,27.5,0,0.948936170212766,21,1,458
0691497C,0,85.2,24.2,0,0.8932584269662921,15,1,674
0441616T,65,88.0,26.5,0,1.0323741007194245,21,1,565
0590050J,50,72.9,25.7,0,0.9425287356321839,24,1,507
0120622L,48,91.6,28.8,0,0.8652173913043478,21,1,429
0541501N,0,93.9,35.3,0,0.9779005524861878,20,1,358
0801485E,51,84.8,27.5,0,0.7757009345794392,24,1,380
0132327J,84,73.9,22.5,0,1.1037735849056605,17,1,446
9760167C,60,90.2,26.5,0,1.0677966101694916,24,1,1220
9760379H,101,100.1,31.6,0,0.9922480620155039,17,1,771
0741165P,0,82.8,27.2,0,1.0456204379562044,21,1,1121
0593483R,0,86.3,29.2,0,0.8122448979591836,21,1,444
0491028B,0,86.5,35.0,0,0.9805825242718447,17,1,408
0572488V,48,89.0,33.3,0,0.9326599326599326,19,1,574
0910714G,0,90.7,29.4,0,0.9811320754716981,20,1,420
0131887F,0,82.5,19.9,0,0.9481865284974094,20,1,376
0060045S,0,74.5,23.2,0,0.9380165289256198,21,1,469
0601524F,56,73.2,25.1,0,0.8483412322274881,21,1,390
0261091V,0,81.7,30.9,0,0.9009009009009009,24,1,211
0622789V,29,81.1,32.0,0,0.927461139896373,21,1,372
0931148T,56,84.6,17.5,0,0.7918781725888325,24,1,706
9710686U,56,81.1,27.4,0,0.8192090395480226,20,1,322
0595168X,0,68.4,18.7,0,1.076,31,1,519
0180766K,0,85.5,27.1,0,0.7315436241610739,25,1,258
0596860L,36,79.1,23.4,0,1,20,1,616
0590155Y,0,99.1,41.5,0,0.8401826484018264,17,1,403
0750546L,0,80.0,31.8,0,1.1910828025477707,26,1,344
0580599L,0,97.6,31.7,0,1.0904522613065326,20,1,416
0580542Z,0,88.7,33.5,0,1.0203045685279188,17,1,398
9760369X,98,71.1,21.8,0,1.001124859392576,19,1,1779
0931225B,0,77.0,22.3,0,0.9006410256410257,20,1,593
0671692A,58,70.3,20.7,0,0.7763157894736842,16,1,405
0690060R,0,84.0,26.0,0,0.7547169811320755,19,1,279
0931226C,54,79.2,23.2,0,0.7865707434052758,20,1,745
0141257R,0,83.9,23.3,0,1.4054054054054055,21,1,178
0061001F,62,66.4,20.9,0,0.9673590504451038,20,1,663
0020024R,28,92.9,28.2,0,0.8285714285714286,27,1,512
0622239X,0,82.0,28.1,0,0.7208121827411168,28,1,339
0260850H,60,93.4,33.5,0,1.0172910662824208,29,1,700
0020055Z,60,90.4,30.0,0,0.7725321888412017,24,1,413
0131262B,83,71.5,17.9,0,0.7522658610271903,23,1,580
0772056S,0,79.2,26.0,0,0.9826388888888888,27,1,571
9730192W,56,71.6,26.2,0,0.8171428571428572,18,1,636
0030119N,0,90.5,33.7,0,0.9223300970873787,19,1,198
0951921X,0,86.9,25.9,0,0.9723076923076923,17,1,641
0790027A,0,104.9,37.9,0,0.9538461538461539,16,1,508
0131611F,72,82.5,28.0,0,0.9973333333333333,19,1,749
0750552T,0,116.5,41.6,0,0.95,23,1,468
0451450G,0,75.6,23.8,0,0.9034090909090909,19,1,335
0691799F,61,82.2,25.4,0,0.8112676056338028,20,1,643
0592751V,0,78.1,25.4,0,0.8717948717948718,21,1,511
0840970Y,0,74.8,22.1,0,0.9676113360323887,22,1,486
0060021R,0,89.2,33.5,0,0.960352422907489,21,1,445
9730125Y,145,78.4,32.5,0,1.0641330166270784,33,1,869
0594412A,38,79.9,27.5,0,0.9454022988505747,19,1,677
0132207D,0,72.5,18.1,0,0.8842443729903537,22,1,586
0932725G,0,90.8,30.8,0,0.8702064896755162,26,1,634
0931223Z,48,76.3,23.0,0,1.1020942408376964,23,1,803
0800036E,61,82.0,27.2,0,1.1801801801801801,19,1,484
0800029X,51,82.9,28.8,0,0.9096573208722741,20,1,613
0941092B,0,78.5,21.1,0,1.0052356020942408,20,1,383
0500062W,0,107.1,32.2,0,0.8502202643171806,19,1,420
0131610E,0,92.8,29.6,0,0.9322493224932249,24,1,713
9720016K,0,92.7,28.4,0,0.7971014492753623,29,1,124
0260117L,0,84.9,35.0,0,1.0046511627906978,19,1,431
0931144N,0,84.5,28.3,0,0.8636363636363636,22,1,369
0720902P,64,78.3,25.0,0,0.825531914893617,31,1,429
9741047V,0,83.1,30.7,0,1.0833333333333333,17,1,675
0881101U,0,83.3,27.1,0,1.0687022900763359,21,1,271
0932334G,0,83.0,24.7,0,0.905511811023622,20,1,484
0520050X,0,83.0,26.4,0,0.9014084507042254,18,1,405
0801263N,0,75.6,29.0,0,0.9012345679012346,22,1,462
0240056F,0,97.6,28.6,0,0.9945652173913043,25,1,367
0311718Z,0,87.1,33.8,0,1.1140065146579805,31,1,649
9741190A,0,82.5,31.3,0,1.1111111111111112,26,1,570
0161075G,0,94.3,35.7,0,0.9707317073170731,20,1,404
0771176K,73,91.0,29.0,0,0.8875502008032129,19,1,470
0132009N,0,110.3,32.9,0,0.8266666666666667,22,1,548
0331464M,0,91.1,35.6,0,0.9472140762463344,16,1,664
9730306V,0,83.7,29.0,0,1.0515021459227467,31,1,478
0080036W,40,84.1,28.2,0,1.0939597315436242,22,1,312
0753046D,0,102.7,39.2,0,1.0169491525423728,21,1,476
0590006L,0,75.7,23.4,0,1.053030303030303,24,1,542
9740069G,0,88.5,33.0,0,0.9442724458204335,29,1,628
0761954L,59,83.8,24.2,0,0.9363957597173145,23,1,548
0595190W,33,73.9,22.9,0,0.6903225806451613,14,1,262
0880149J,0,68.2,20.2,0,1.0169491525423728,21,1,357
0931489N,42,76.4,16.5,0,0.970954356846473,29,1,475
0951800R,0,90.4,32.0,0,1.1140939597315436,20,1,630
0592830F,0,85.1,27.2,0,1.092485549132948,16,1,362
0840699D,0,82.3,28.2,0,1.0191570881226053,19,1,527
0120004P,0,87.3,25.1,0,1.105263157894737,19,1,120
0590088A,0,75.6,22.7,0,1.0157894736842106,19,1,383
0940794C,0,76.8,27.5,0,0.8387096774193549,21,1,456
0910971L,61,86.4,26.6,0,0.9660056657223796,19,1,694
0810961E,0,80.8,28.0,0,0.808695652173913,22,1,416
0450840U,78,80.1,28.9,0,0.8870523415977961,19,1,685
0010035H,0,78.1,30.4,0,0.9055374592833876,21,1,585
0931192R,0,89.1,27.0,0,0.934375,21,1,619
0720797A,64,78.0,24.6,0,1.0355329949238579,23,1,401
0271286B,61,78.5,27.1,0,0.8931623931623932,23,1,443
0271398Y,0,87.4,32.4,0,1.065,20,1,413
0350913C,61,84.0,40.0,0,0.9056603773584906,24,1,404
0931723T,0,87.4,24.7,0,1.0111940298507462,23,1,539
0850015E,0,101.3,29.2,0,1.0943396226415094,23,1,111
0601297J,92,93.3,30.6,0,0.9041533546325878,21,1,596
0631199L,0,67.8,21.5,0,0.9628099173553719,17,1,475
0061279H,0,80.3,26.2,0,0.932806324110672,22,1,489
0780572Y,58,86.9,26.9,0,0.9263803680981595,21,1,628
0801264P,45,63.9,16.8,0,0.8663793103448276,18,1,433
0670105A,36,70.3,22.6,0,0.9248366013071896,22,1,589
0132313U,0,71.3,20.7,0,0.8602620087336245,25,1,426
0593680E,46,65.8,18.5,0,0.9096385542168675,21,1,317
0801487G,0,86.0,27.0,0,0.8857142857142857,24,1,264
0440348P,50,90.4,30.1,0,1.2208835341365463,26,1,553
0580005R,28,96.2,30.7,0,1.12987012987013,16,1,164
0030021G,0,89.0,25.1,0,1.130952380952381,20,1,179
0331895F,0,82.7,27.2,0,0.8611111111111112,17,1,469
9740093H,126,94.5,36.4,0,0.989517819706499,21,1,949
0760086F,0,95.8,33.5,0,0.9216417910447762,21,1,515
0600018U,0,81.2,24.0,0,1.0224215246636772,21,1,451
0710536X,60,93.5,31.2,0,0.8796680497925311,23,1,453
0931377S,53,78.3,24.4,0,0.8706199460916442,25,1,694
0020007X,59,70.9,21.8,0,1.261111111111111,21,1,407
9760183V,0,91.8,30.4,0,1.084375,22,1,1334
0890980G,89,91.5,30.1,0,1.0321285140562249,19,1,506
9740085Z,0,77.6,24.1,0,1.0923076923076922,24,1,408
0601190T,58,75.6,21.7,0,0.9695121951219512,24,1,646
9760179R,0,81.9,31.5,0,1.113490364025696,19,1,987
0771339M,125,81.7,23.3,0,0.7863636363636364,26,1,786
0921242A,51,123.3,41.3,0,0.9307692307692308,23,1,753
0950723V,0,78.7,18.4,0,1.0333333333333334,19,1,793
0642095E,0,91.3,33.0,0,1.0272727272727273,32,1,223
0590271Z,42,78.9,29.2,0,0.8656716417910447,16,1,375
0593482P,50,81.9,27.6,0,1.1977401129943503,29,1,389
0210034Y,0,93.7,26.7,0,0.8896551724137931,21,1,274
0110788X,62,88.5,31.7,0,1.0852713178294573,19,1,538
9740039Z,0,82.2,29.5,0,0.9774436090225563,22,1,789
0382504R,0,89.4,26.7,0,1.085972850678733,24,1,461
0941099J,0,92.0,31.4,0,0.9336283185840708,18,1,437
0720906U,0,96.6,36.7,0,1.0445344129554657,20,1,505
0951142A,44,85.4,28.7,0,1.0777027027027026,23,1,615
0931607S,64,86.4,24.9,0,0.884375,19,1,603
0331461J,0,142.0,33.8,0,0.8857868020304569,17,1,743
0311112R,49,88.7,34.2,0,0.930939226519337,24,1,699
0141315D,0,81.0,24.3,0,0.9635036496350365,31,1,269
0931376R,0,81.5,28.6,0,0.9582089552238806,29,1,656
0932263E,0,82.6,27.4,0,1.0253164556962024,23,1,640
0110037F,0,90.6,31.3,0,0.8908296943231441,13,1,433
0911443Z,59,82.4,24.5,0,1,18,1,736
0490783K,0,73.3,26.9,0,1.0432432432432432,19,1,378
0021826Z,51,91.6,29.4,0,0.903755868544601,20,1,811
0510044W,0,76.8,23.6,0,0.9034749034749034,15,1,493
0755241P,0,102.5,39.4,0,0.9887005649717514,22,1,352
0620119T,58,78.5,23.8,0,1.053125,29,1,657
0595337F,46,78.7,24.8,0,0.9002695417789758,20,1,705
0912173T,0,90.6,28.1,0,0.9306122448979591,15,1,473
0211225T,66,71.0,19.6,0,0.8376623376623377,19,1,283
0271320N,0,95.3,28.8,0,0.91,18,1,573
0750478M,44,105.6,40.6,0,0.8017241379310345,29,1,418
9740094J,89,78.0,24.6,0,0.817258883248731,25,1,716
6200011T,0,108.7,34.0,0,1.0539083557951483,26,1,762
6200040Z,0,96.7,28.1,0,0.8541666666666666,19,1,712
0870960W,0,87.2,27.4,0,0.9620253164556962,18,1,310
0931222Y,0,93.5,28.8,0,1.1084905660377358,26,1,447
0671590P,55,74.6,20.2,0,0.8609756097560975,22,1,763
0030050N,56,94.6,32.5,0,0.8703703703703703,19,1,505
0281060A,0,98.4,34.5,0,0.956953642384106,27,1,591
0840051Z,0,82.3,25.7,0,0.9483568075117371,19,1,415
0941224V,53,80.4,25.7,0,0.9102040816326531,25,1,468
0692578C,0,82.8,28.9,0,1.0408921933085502,22,1,549
0753047E,0,114.2,40.9,0,1.1611111111111112,28,1,389
9740734E,54,72.6,20.8,0,0.7377049180327869,39,1,424
0931546A,0,89.6,28.9,0,0.9659090909090909,19,1,692
9720447D,49,95.6,28.5,0,0.8349514563106796,19,1,378
0420916T,58,78.8,29.2,0,1.007843137254902,25,1,512
0592634T,0,78.3,29.3,0,0.860248447204969,32,1,599
0440286X,0,73.1,25.5,0,0.9047619047619048,22,1,280
0301282F,60,87.2,28.2,0,0.9152542372881356,20,1,565
0801537L,64,84.8,28.2,0,1.005763688760807,16,1,696
0593242D,51,78.3,20.3,0,1.0656934306569343,22,1,566
0332768E,0,118.4,41.6,0,1.1003134796238245,27,1,670
0594309N,46,73.0,21.1,0,0.9513274336283186,25,1,441
0711136Z,0,93.2,29.7,0,0.8340425531914893,19,1,431
0371391L,0,98.5,35.0,0,0.9016393442622951,18,1,348
0771841H,0,89.8,29.3,0,0.9487179487179487,17,1,456
0680105V,25,73.1,21.7,0,0.9935897435897436,15,1,622
0451241E,57,70.4,25.0,0,0.8914027149321267,21,1,418
0660522J,61,63.3,15.9,0,0.8716417910447761,21,1,627
0132214L,0,77.3,25.1,0,1.032,19,1,508
0580669M,56,97.8,32.5,0,0.8475336322869955,22,1,412
0931213N,0,90.7,34.1,0,0.8571428571428571,22,1,429
0541565H,95,88.4,31.8,0,0.8259587020648967,21,1,619
0762287Y,0,91.0,26.9,0,1.0612244897959184,22,1,303
0622578R,0,91.1,29.9,0,1.0350877192982457,20,1,348
0931218U,0,82.9,28.7,0,1.165289256198347,19,1,524
0631502R,0,72.8,22.6,0,0.85,26,1,407
0623918X,0,72.8,21.5,0,0.8114754098360656,26,1,442
0080839U,52,78.8,25.9,0,1.0946745562130178,15,1,354
9720861D,63,89.2,32.5,0,0.9116279069767442,16,1,411
9741261C,0,73.1,24.6,0,0.9429347826086957,22,1,715
0921622N,0,94.1,32.6,0,0.9946949602122016,22,1,752
0911570M,64,73.9,23.0,0,1.011764705882353,21,1,513
0950045H,62,75.1,21.6,0,0.9736842105263158,23,1,600
0911729K,0,78.0,23.6,0,1.112781954887218,21,1,562
0541817G,56,78.3,25.8,0,0.8690476190476191,20,1,471
0590151U,0,88.0,31.6,0,1.1285714285714286,23,1,298
0641561Z,47,83.5,24.8,0,1.0465116279069768,23,1,352
0930891N,47,81.3,23.4,0,0.911864406779661,19,1,564
0141136J,0,88.3,31.4,0,0.9847328244274809,23,1,260
0941052H,0,91.2,27.6,0,0.8804780876494024,23,1,472
0931147S,0,79.1,22.8,0,1.0615384615384615,15,1,536
0692703N,0,86.8,29.8,0,0.8761904761904762,25,1,394
0941015T,58,91.4,31.3,0,1.049645390070922,19,1,578
0441613P,62,70.6,21.4,0,0.8151658767772512,22,1,383
0540111C,0,85.8,33.9,0,0.8841698841698842,22,1,488
0280657M,96,84.7,25.7,0,0.8546255506607929,27,1,421
0593179K,0,83.9,33.2,0,0.876,27,1,469
0951230W,49,82.5,25.4,0,0.9756838905775076,22,1,650
0100081J,55,85.7,31.1,0,0.7925311203319502,19,1,864
0940042K,0,94.9,30.8,0,0.9739130434782609,24,1,454
0931490P,0,76.0,23.2,0,0.9490740740740741,20,1,421
0755030K,0,74.4,20.7,0,0.9731543624161074,20,1,294
9760230W,85,70.4,29.1,0,0.9902557856272838,21,1,1634
0840761W,0,73.3,23.3,0,1.144,23,1,536
0692342W,62,71.8,19.3,0,0.9727891156462585,13,1,870
0840007B,0,76.9,20.5,0,0.8347826086956521,25,1,633
0451070U,50,81.3,29.3,0,1.0390879478827362,19,1,626
0421688G,0,86.5,31.2,0,0.7522123893805309,20,1,396
9741208V,0,73.8,24.1,0,0.9306122448979591,31,1,473
0931202B,0,80.5,23.9,0,0.8295819935691319,15,1,569
0950022H,0,88.6,28.9,0,0.9432624113475178,15,1,548
0950895G,0,90.7,32.4,0,0.9620689655172414,19,1,569
9720031B,0,92.6,31.8,0,0.9622641509433962,18,1,312
0911025V,59,83.2,30.0,0,0.9977578475336323,19,1,891
0240106K,0,92.1,27.4,0,0.9090909090909091,24,1,294
0080079T,41,83.2,28.1,0,1,22,1,254
0596833G,0,81.4,35.8,0,0.8901515151515151,19,1,499
0691664J,64,84.4,30.6,0,1.0933734939759037,19,1,695
0931212M,56,77.6,22.9,0,0.9292035398230089,27,1,436
0931232J,52,87.5,24.7,0,0.8388157894736842,22,1,559
0692420F,54,93.9,37.9,0,0.9516129032258065,23,1,726
0941781A,0,90.2,31.0,0,1.0721311475409836,20,1,632
0132208E,59,83.7,30.5,0,0.9010989010989011,21,1,519
0741097R,0,84.4,28.8,0,0.9763513513513513,23,1,585
0681395X,108,67.5,19.4,0,1.0613333333333332,23,1,773
0620021L,62,75.9,22.3,0,0.9517543859649122,15,1,445
0911865H,0,87.6,27.8,0,0.9903225806451613,19,1,617
9730173A,66,69.5,23.7,0,1.0558823529411765,23,1,699
0132785G,0,60.6,16.1,0,0.9915611814345991,18,1,472
0932366S,0,76.9,21.1,0,1.0169491525423728,23,1,595
9730380A,53,71.6,16.7,0,1.0681818181818181,40,1,546
7200612C,39,114.7,33.5,0,0.8123076923076923,14,1,589
0921547G,0,99.7,36.1,0,1.1115384615384616,16,1,549
9741386N,0,76.8,25.2,0,0.9416445623342176,20,1,732
0783463R,0,86.8,32.8,0,0.9562043795620438,21,1,536
0650034J,67,90.4,31.4,0,1.003690036900369,19,1,543
0781108F,43,84.1,29.1,0,0.9868421052631579,19,1,302
0131703F,92,59.6,15.4,0,0.9537366548042705,21,1,549
7200086F,13,93.1,30.1,0,1.010126582278481,19,1,794
0931220W,0,83.2,27.1,0,0.9186046511627907,24,1,495
0912196T,0,75.1,22.2,0,0.8878205128205128,22,1,589
0595328W,44,80.1,28.5,0,0.9501779359430605,26,1,548
0692157V,59,86.9,30.7,0,0.8333333333333334,24,1,627
0880151L,52,89.2,35.7,0,0.8852941176470588,19,1,641
0100019S,33,87.8,30.9,0,0.8211920529801324,24,1,550
0341592W,58,82.8,27.9,0,0.8729641693811075,21,1,575
9740595D,0,76.7,28.2,0,0.9180327868852459,23,1,468
0931185H,0,75.2,20.9,0,1.1474358974358974,20,1,670
0541515D,64,86.5,34.3,0,0.9180327868852459,26,1,468
0622261W,48,80.7,25.7,0,1.0331491712707181,24,1,368
0620055Y,42,62.8,17.1,0,1.1168831168831168,21,1,326
0340955D,55,82.1,35.0,0,0.8769633507853403,19,1,717
0950939E,49,72.1,25.0,0,1.0192926045016077,17,1,628
0931190N,63,74.1,20.8,0,1.0209580838323353,23,1,675
0721224P,0,87.7,32.6,0,0.9166666666666666,16,1,322
0331462K,0,117.5,40.5,0,1.0804597701149425,22,1,362
0594865T,0,88.8,35.8,0,0.9239766081871345,22,1,329
0620096T,53,82.9,26.8,0,0.8697674418604651,17,1,402
0010039M,0,97.7,30.0,0,1.0785714285714285,21,1,291
0511254L,0,76.5,28.2,0,0.6444444444444445,23,1,592
0622273J,55,66.4,16.0,0,1,20,1,342
0941033M,56,86.6,23.8,0,0.9558823529411765,19,1,532
0410952M,0,66.9,20.2,0,1.1626506024096386,25,1,359
6200697N,60,96.2,29.0,0,0.9851301115241635,24,1,534
0291089B,64,88.9,29.5,0,0.9191919191919192,26,1,380
9760308F,0,74.0,24.7,0,1.0508083140877598,22,1,1776
0061131X,53,67.5,17.0,0,0.9847328244274809,23,1,780
0380356F,0,99.8,35.6,0,0.8620689655172413,20,1,432
0491675E,63,74.4,24.2,0,1.1229050279329609,25,1,380
0771618R,0,88.8,31.6,0,0.9256756756756757,22,1,570
0340109J,0,73.0,21.5,0,0.9579288025889967,21,1,605
0691673U,0,89.7,36.9,0,0.6724137931034483,21,1,291
0752544H,0,92.4,29.9,0,0.9230769230769231,23,1,475
0760100W,0,75.6,23.1,0,1.2358490566037736,17,1,237
0680009R,0,74.8,22.1,0,1.0039370078740157,15,1,509
0690280E,0,84.6,30.6,0,1.0135135135135136,16,1,596
9720472F,19,79.6,23.9,0,1.0784313725490196,35,1,212
0280034K,0,90.0,29.7,0,0.9484978540772532,17,1,454
0691498D,0,76.7,25.0,0,0.9415584415584416,21,1,598
0951401G,56,84.7,30.1,0,0.8714733542319749,18,1,597
0932261C,0,84.5,29.7,0,0.8916967509025271,23,1,524
0020072T,0,76.1,22.1,0,0.9107142857142857,19,1,214
9740618D,63,77.6,23.9,0,1.0273972602739727,33,1,592
0931765N,0,77.2,27.6,0,0.9310344827586207,21,1,336
0690094C,0,71.4,21.0,0,1.0524861878453038,22,1,743
0301014P,54,86.5,32.5,0,1.0378006872852235,21,1,593
0741139L,73,85.0,30.6,0,1.0421836228287842,27,1,823
0594362W,26,63.6,19.5,0,0.9552238805970149,14,1,524
9730451C,27,60.8,20.6,0,0.6891891891891891,20,1,125
0490048L,63,89.4,32.6,0,0.8291925465838509,20,1,589
0131935H,0,64.2,19.8,0,0.9892857142857143,20,1,557
0750584C,0,113.3,44.0,0,1.0277777777777777,13,1,365
0622423X,0,76.1,23.6,0,1.096774193548387,22,1,325
9710026B,53,84.0,30.1,0,0.8987341772151899,29,1,300
0941029H,0,86.8,25.2,0,0.9171974522292994,20,1,602
0932273R,0,78.2,25.6,0,0.9923371647509579,19,1,520
0160113L,0,64.1,18.8,0,1.0084033613445378,23,1,239
0470046V,56,91.0,28.5,0,0.8494623655913979,19,1,344
0040013T,0,88.6,31.3,0,0.9685534591194969,20,1,313
0700786Z,102,83.5,28.4,0,0.9537366548042705,20,1,549
0931711E,0,84.8,29.7,0,1.0687022900763359,19,1,542
0341065Y,48,76.8,22.4,0,0.9626168224299065,19,1,420
0080894D,60,66.2,20.4,0,0.7927461139896373,16,1,346
0060838D,0,75.5,22.1,0,0.7314487632508834,19,1,490
0631120A,57,70.5,26.3,0,0.9598214285714286,22,1,439
0601449Z,54,85.6,26.6,0,0.8696883852691218,22,1,660
0870117E,62,96.4,34.4,0,0.754874651810585,23,1,630
0932038K,0,91.3,25.8,0,0.9888888888888889,23,1,537
0950900M,0,67.4,14.2,0,1.0227272727272727,22,1,356
0130136C,0,80.5,25.3,0,0.8132530120481928,18,1,301
0932310F,0,80.8,23.5,0,1.015923566878981,26,1,633
0941021Z,0,88.9,27.8,0,0.9951456310679612,21,1,411
0110068P,0,88.6,30.0,0,1.0700389105058365,24,1,532
0100787B,0,85.0,28.3,0,0.8666666666666667,21,1,588
0801443J,0,81.2,22.1,0,0.9732142857142857,40,1,221
0720001K,58,92.0,35.1,0,0.9960474308300395,20,1,505
0080068F,0,80.6,27.2,0,0.9801980198019802,23,1,200
0930611J,0,80.0,23.9,0,0.826530612244898,22,1,537
0160793A,0,87.3,27.1,0,0.7849462365591398,20,1,166
0160100X,94,73.3,19.0,0,0.825136612021858,22,1,334
0930865K,0,75.2,22.7,0,0.8951048951048951,19,1,542
0700010F,0,89.0,31.6,0,1.0873015873015872,22,1,263
9740091F,0,75.5,25.6,0,1.0372340425531914,24,1,766
0780264N,53,81.9,27.5,0,0.8518518518518519,25,1,550
0941299B,53,92.9,32.0,0,0.8704156479217604,31,1,765
0690099H,57,74.9,27.4,0,0.8339350180505415,19,1,508
0810125W,63,89.9,30.9,0,0.9253333333333333,21,1,722
0600036N,0,82.1,25.7,0,0.9925650557620818,23,1,536
0660051X,0,72.4,24.5,0,1.0508474576271187,20,1,363
0931149U,0,92.6,30.4,0,0.9183673469387755,22,1,846
0941042X,0,90.9,31.4,0,1.050179211469534,14,1,572
0931231H,0,86.0,29.8,0,0.8373702422145328,24,1,531
9740651P,56,76.5,26.6,0,0.9782608695652174,26,1,455
0410003F,70,72.5,25.2,0,0.9764309764309764,19,1,587
0622269E,54,85.0,28.5,0,0.9176829268292683,22,1,629
0890790A,64,86.1,29.8,0,0.9675174013921114,24,1,848
0251395F,60,66.2,21.8,0,0.9577039274924471,18,1,648
9711087E,44,77.4,18.0,0,0.8360655737704918,28,1,448
0500083U,37,99.1,28.3,0,0.9890710382513661,20,1,364
0593177H,40,87.2,31.1,0,0.8303571428571429,16,1,205
0020076X,0,79.9,26.1,0,1.034013605442177,19,1,299
0594301E,25,75.6,24.4,0,0.8467432950191571,19,1,482
0601191U,49,89.4,29.7,0,1.024561403508772,17,1,577
0762459K,61,81.1,28.0,0,0.993993993993994,22,1,664
0692336P,53,77.4,26.0,0,0.965625,22,1,629
0700788B,0,84.5,26.7,0,1.0118343195266273,20,1,340
9760219J,0,81.6,28.4,0,1.138442521631644,20,1,1730
0340115R,0,109.9,34.6,0,1.2072072072072073,19,1,490
0950739M,53,86.2,27.6,0,0.9785276073619632,32,1,645
0342132H,61,81.3,26.5,0,0.9382716049382716,20,1,628
0133196D,0,114.7,33.8,0,0.9074074074074074,26,1,618
7200013B,55,93.2,31.0,0,0.9202127659574468,17,1,722
0622907Y,50,75.9,26.0,0,0.9821428571428571,21,1,333
0940003T,0,83.8,23.3,0,1.0952380952380953,22,1,308
0593660H,0,76.6,23.5,0,1.0751879699248121,22,1,276
0594168K,0,85.5,28.4,0,1.0928571428571427,16,1,293
0761783A,0,71.2,20.7,0,0.9338842975206612,21,1,234
0572487U,0,77.4,24.1,0,1.0595238095238095,25,1,346
0921543C,27,86.0,27.0,0,0.9074074074074074,24,1,618
0570127D,0,59.4,17.8,0,0.8433734939759037,28,1,459
0840758T,0,86.7,38.5,0,1.1285140562248996,24,1,530
0941024C,0,95.7,33.0,0,0.7987421383647799,19,1,286
0931230G,0,81.9,26.4,0,0.95,20,1,507
0061130W,57,99.8,32.0,0,0.8870967741935484,21,1,819
0331618E,0,105.9,39.1,0,0.9388888888888889,22,1,349
0220054P,0,101.8,36.0,0,0.9055944055944056,19,1,545
0931187K,0,80.6,26.8,0,0.9358600583090378,21,1,664
9710029E,0,95.3,35.5,0,1.3333333333333333,17,1,224
0133775H,0,75.4,21.4,0,0.951048951048951,23,1,279
0451421A,0,89.5,28.8,0,1.075,22,1,581
0711135Y,0,91.8,29.7,0,0.9433962264150944,32,1,412
0332285E,43,95.9,39.5,0,0.978021978021978,21,1,360
9711181G,0,93.9,31.7,0,0.8326180257510729,17,1,427
0622424Y,65,76.1,23.6,0,1.0635593220338984,23,1,487
0910776Z,0,85.6,22.1,0,1,19,1,688
0550020Y,48,87.3,29.7,0,1.0099502487562189,22,1,404
0672130B,73,84.4,31.3,0,0.9912472647702407,21,1,910
9760166B,0,84.9,30.5,0,1.0558659217877095,32,1,736
0930616P,0,73.4,21.2,0,0.9393939393939394,22,1,640
0830148K,0,79.1,27.4,0,0.8842592592592593,24,1,407
0400014Y,0,93.7,26.2,0,1.004739336492891,22,1,423
0541578X,0,83.2,27.2,0,0.9684684684684685,28,1,437
0572168X,0,83.2,32.4,0,0.9346733668341709,25,1,385
0080105W,0,78.7,26.4,0,0.8431372549019608,19,1,188
0771761W,0,70.6,20.7,0,0.967032967032967,21,1,537
0840716X,42,91.5,29.3,0,0.9016949152542373,20,1,561
9710661S,0,67.8,21.1,0,1.083969465648855,26,1,273
0491764B,64,92.9,32.8,0,0.9716981132075472,22,1,418
0341066Z,61,83.6,27.7,0,0.9313725490196079,19,1,788
9740599H,0,71.7,26.7,0,1.0095846645367412,21,1,629
0911397Z,0,85.2,25.5,0,1.0360360360360361,17,1,678
0810960D,0,108.6,35.1,0,1.0616740088105727,19,1,468
0781914G,0,82.3,25.8,0,0.9387755102040817,18,1,570
0590046E,0,81.2,28.0,0,0.9466292134831461,19,1,693
0520822L,0,84.7,27.5,0,0.9421965317919075,15,1,336
0840018N,93,73.9,19.6,0,0.9,21,1,513
0400010U,0,90.7,28.4,0,1,19,1,144
0380065P,0,83.7,29.7,0,0.8620689655172413,20,1,432
0790945Y,61,86.8,28.0,0,0.7970297029702971,26,1,363
0061668F,54,85.8,27.9,0,0.8868613138686131,39,1,517
0840108L,101,62.7,17.2,0,0.7774294670846394,23,1,567
0772191N,0,103.8,30.4,0,0.9823943661971831,17,1,563
0660012E,64,68.7,16.7,0,0.9162011173184358,29,1,686
9710015P,55,86.1,29.5,0,0.8392857142857143,25,1,618
0771337K,0,84.2,28.8,0,1.0544412607449856,20,1,717
0931379U,61,77.3,24.3,0,0.9421487603305785,20,1,705
0594288R,0,67.9,16.8,0,0.8622222222222222,21,1,419
9730206L,0,82.0,30.0,0,0.9373433583959899,20,1,773
0370766G,0,69.6,22.2,0,0.946969696969697,22,1,257
0920882J,0,94.9,29.9,0,1.018796992481203,19,1,537
0350734H,0,82.7,32.8,0,1.0625,19,1,429
0622572J,51,83.3,25.6,0,1.0186567164179106,19,1,541
0130079R,0,133.9,40.2,0,1.1705069124423964,13,1,471
0250003T,65,79.4,27.0,0,0.9832775919732442,19,1,593
0300025P,0,59.2,15.9,0,1.0460526315789473,22,1,311
0594295Y,0,81.6,28.9,0,0.7816091954022989,19,1,155
0932694Y,0,74.8,19.9,0,1.084070796460177,21,1,471
0941026E,0,89.6,29.9,0,0.9770992366412213,15,1,518
0932272P,61,77.8,25.0,0,0.9957627118644068,23,1,471
0310086A,0,71.9,20.0,0,0.9954545454545455,19,1,439
0762128A,62,80.0,23.6,0,0.8877551020408163,20,1,370
0340836Z,64,67.7,21.9,0,1.0121212121212122,19,1,664
0610003X,38,103.9,33.3,0,1.308457711442786,19,1,464
0752556W,0,117.4,39.8,0,0.865546218487395,22,1,444
0421852K,64,85.7,32.0,0,0.941908713692946,20,1,468
0781896M,0,74.1,22.7,0,0.9835164835164835,21,1,361
9730483M,0,84.3,30.8,0,1.146919431279621,25,1,453
0830955M,0,82.9,28.5,0,1.1666666666666667,19,1,312
0260049M,0,92.1,38.0,0,0.9433962264150944,16,1,515
9730083C,114,95.9,33.1,0,0.9825673534072901,21,1,1251
9740037X,0,82.2,28.7,0,0.9344262295081968,22,1,472
0931978V,0,93.4,29.5,0,0.9633333333333334,19,1,589
9710032H,0,94.9,21.8,0,0.775,22,1,71
0623313P,0,78.9,26.9,0,1.076470588235294,17,1,353
0760017F,57,93.4,33.7,0,0.8954545454545455,16,1,417
0470677F,0,87.0,32.6,0,1.0817843866171004,23,1,560
0941032L,0,85.3,24.9,0,0.981042654028436,25,1,418
9730373T,27,68.5,21.0,0,0.9662576687116564,23,1,641
0752252R,51,100.0,37.8,0,1,22,1,404
0330064R,0,84.1,28.6,0,1.2063492063492063,27,1,417
0381810L,57,84.4,30.8,0,1,22,1,486
0910056S,0,82.1,25.3,0,1.0336538461538463,25,1,423
0762127Z,0,76.3,23.4,0,0.958904109589041,20,1,286
0331888Y,0,91.8,27.6,0,0.9345794392523364,22,1,621
0754706H,0,103.1,40.0,0,1.0806451612903225,19,1,387
0711348E,0,94.4,30.5,0,1.0408805031446542,18,1,649
0940792A,0,79.7,23.2,0,0.9754098360655737,19,1,482
0711294W,52,91.8,30.4,0,0.8643410852713178,17,1,481
0890937K,0,87.8,28.0,0,0.9186046511627907,18,1,495
0672459J,78,70.4,23.0,0,1.0240384615384615,14,1,421
0421452A,0,88.2,39.4,0,1.0234741784037558,16,1,862
0780187E,53,83.2,24.4,0,1.0086580086580086,22,1,464
0940791Z,62,80.7,24.1,0,0.9509803921568627,26,1,597
0311265G,53,78.9,25.2,0,0.9219330855018587,18,1,517
0700045U,56,98.8,33.8,0,1.080939947780679,23,1,797
0020075W,56,80.5,28.9,0,1.02880658436214,22,1,493
9720495F,0,92.2,27.9,0,1.047945205479452,15,1,299
0110672W,79,78.9,27.6,0,0.9797101449275363,19,1,683
0692340U,61,76.6,22.9,0,0.9518072289156626,25,1,648
9740080U,0,71.3,22.6,0,1.0940860215053763,15,1,779
9730110G,111,84.1,30.6,0,1.006,44,1,1003
0131932E,0,106.0,44.9,0,0.9821428571428571,17,1,888
0251209D,0,74.5,26.5,0,1.0532544378698225,22,1,347
0131931D,0,112.1,44.5,0,0.9406392694063926,14,1,425
9720007A,0,73.3,15.8,0,1.1775700934579438,38,1,233
0470104H,65,87.6,28.5,0,0.8762541806020067,17,1,561
0440311Z,59,81.2,27.2,0,1.0454545454545454,20,1,540
0931428X,0,74.6,22.8,0,0.8947368421052632,17,1,648
0761704P,0,90.3,28.8,0,0.9662162162162162,19,1,291
0132572A,0,85.5,31.2,0,1.0158227848101267,14,1,637
0251599C,0,79.9,26.9,0,0.8818897637795275,20,1,478
0090007J,0,92.1,28.4,0,0.8639455782312925,19,1,274
0761780X,0,76.1,23.6,0,1.2063492063492063,22,1,417
0050452P,0,98.9,28.2,0,1.026143790849673,27,1,310
0622418S,61,77.4,28.0,0,0.9656862745098039,16,1,802
0030030S,0,76.7,26.3,0,1.0797101449275361,16,1,287
0761949F,0,81.2,26.0,0,1.0541666666666667,21,1,493
0141553M,0,92.5,31.8,0,1.091743119266055,23,1,456
0381907S,95,98.2,37.5,0,0.940379403794038,15,1,716
0340016H,0,81.6,28.8,0,0.9664179104477612,19,1,527
0383494S,0,98.0,34.6,0,0.996031746031746,18,1,503
0131701D,0,94.6,31.8,0,1,20,1,404
0590109Y,0,71.7,24.5,0,1.0211267605633803,21,1,287
0941036R,0,86.8,25.3,0,0.8857142857142857,17,1,462
0130007M,123,79.4,24.2,0,0.9032258064516129,22,1,531
0141363F,0,81.2,23.9,0,0.8532608695652174,22,1,341
0490060Z,0,63.0,19.0,0,1.0070921985815602,19,1,283
0132408X,0,67.8,21.0,0,0.912,19,1,478
0772481D,0,85.4,27.7,0,0.817258883248731,19,1,358
0381903M,51,72.7,21.8,0,0.9577464788732394,18,1,417
9740811N,51,80.6,29.5,0,0.9233128834355828,20,1,627
0261086P,0,89.1,31.4,0,0.9559748427672956,14,1,622
0800019L,58,68.0,16.7,0,0.9734513274336283,20,1,446
0572579U,0,64.7,21.2,0,0.8672566371681416,19,1,422
0132007L,0,87.0,26.1,0,1.111455108359133,23,1,682
0762173Z,37,72.6,18.4,0,0.9565217391304348,21,1,315
0271095U,63,84.3,26.7,0,0.879746835443038,24,1,594
0133788X,26,78.8,26.3,0,1.0233333333333334,24,1,607
0880045W,0,93.1,31.6,0,1.3047619047619048,23,1,484
0132407W,110,65.0,19.0,0,0.8903654485049833,19,1,569
0951094Y,0,88.9,28.4,0,0.9305555555555556,31,1,695
0450939B,0,74.6,27.9,0,0.9154929577464789,22,1,544
0950934Z,68,87.4,27.5,0,1.0451127819548873,24,1,816
0500053L,0,92.1,23.2,0,1.0545454545454545,18,1,226
9720028Y,0,90.0,30.6,0,1.3962264150943395,19,1,127
0611026J,0,67.0,19.1,0,1.2615384615384615,21,1,294
0783774D,50,72.7,20.8,0,0.8264984227129337,29,1,579
0640609P,46,83.7,27.9,0,1.0037037037037038,20,1,541
0601821D,0,93.6,29.1,0,0.857707509881423,21,1,470
0860702W,0,86.9,32.4,0,1.0218579234972678,17,1,370
0240043S,0,96.2,27.6,0,0.8709677419354839,34,1,174
0850067L,64,95.3,30.7,0,0.950530035335689,23,1,552
0900295G,65,102.0,41.3,0,0.9831932773109243,14,1,708
0620079Z,0,79.1,25.1,0,1.005050505050505,20,1,397
0261090U,0,76.8,24.8,0,0.9744897959183674,21,1,387
0594405T,79,85.2,29.6,0,0.8158640226628895,19,1,641
9741049X,0,75.1,24.6,0,0.9511278195488722,21,1,519
9720052Z,0,77.5,23.7,0,0.9857142857142858,21,1,278
0910678T,0,84.6,27.5,0,0.9475524475524476,17,1,557
0380050Y,0,79.3,27.5,0,0.932258064516129,17,1,599
0921940J,0,92.5,28.2,0,0.9747474747474747,19,1,391
0692337R,0,74.5,17.8,0,0.96,17,1,539
0370791J,0,75.3,26.1,0,0.896,21,1,237
0921157H,0,93.5,29.8,0,0.9544554455445544,24,1,987
0755747P,0,93.6,30.2,0,1.1637426900584795,37,1,370
0030010V,63,92.0,35.0,0,1.0141643059490084,32,1,711
0660049V,0,100.0,42.0,0,0.8618090452261307,19,1,741
0370041U,0,96.0,39.5,0,0.9521531100478469,22,1,408
0301010K,58,83.1,29.9,0,0.8763250883392226,20,1,531
0131705H,61,91.9,26.1,0,0.806930693069307,21,1,730
0921589C,0,83.7,26.0,0,0.9818181818181818,23,1,436
0940581W,0,90.7,26.3,0,1.1173708920187793,19,1,451
9720445B,0,85.7,24.9,0,1.1517857142857142,19,1,241
0100038M,0,71.1,23.0,0,0.9801587301587301,16,1,499
0771567K,91,97.1,31.0,0,0.9513513513513514,19,1,722
0750465Y,0,118.3,42.4,0,0.8411214953271028,20,1,394
0331621H,75,81.2,29.0,0,1.0022371364653244,24,1,895
9740018B,0,73.3,26.6,0,0.9877049180327869,45,1,485
0180033N,0,87.0,25.6,0,1.1829268292682926,25,1,179
9740574F,107,68.8,22.8,0,0.931129476584022,20,1,701
9710023Y,52,89.7,31.7,0,1.0187265917602997,13,1,539
0753937X,0,92.8,33.6,0,0.8708133971291866,23,1,391
0080046G,0,95.7,34.2,0,0.9290780141843972,27,1,272
0590058T,0,79.4,23.9,0,1.0796019900497513,21,1,418
0755000C,0,98.3,38.3,0,1.0809716599190284,19,1,514
0061240R,0,88.3,31.9,0,0.9637096774193549,14,1,487
0020030X,64,78.4,21.4,0,0.90625,26,1,366
0061129V,0,69.9,21.1,0,0.9392712550607287,21,1,479
0752536Z,0,124.3,40.7,0,0.7211155378486056,16,1,432
0593235W,55,85.8,37.7,0,0.9631147540983607,18,1,479
0941025D,63,84.7,29.2,0,0.7897727272727273,24,1,630
0771070V,0,78.7,25.1,0,1.2374100719424461,23,1,311
9710022X,60,83.8,27.3,0,0.9032967032967033,27,1,866
9760244L,96,62.6,16.5,0,1.0490196078431373,18,1,1881
0650050B,0,99.7,33.1,0,0.964,16,1,491
0020056A,52,73.4,20.8,0,0.8860103626943006,22,1,364
0511470W,75,85.9,28.1,0,0.9157303370786517,21,1,682
0560020T,31,95.6,29.0,0,1.0096153846153846,17,1,209
0941783C,0,103.7,32.1,0,0.9141914191419142,19,1,580
0370071B,65,70.3,18.5,0,0.828125,18,1,351
0594304H,0,89.5,29.6,0,0.8622047244094488,19,1,473
9760008E,115,72.5,25.2,0,1.1417142857142857,20,1,1874
0680110A,71,67.4,19.4,0,1.0067340067340067,17,1,596
0860723U,0,100.8,37.4,0,1.0679012345679013,25,1,670
0593663L,57,74.3,21.8,0,0.9117647058823529,22,1,455
9740841W,126,71.4,21.7,0,0.8973214285714286,23,1,850
0132730X,0,77.8,23.1,0,0.967741935483871,15,1,427
0070006U,49,87.9,31.7,0,0.8720538720538721,16,1,556
0211162Z,59,101.1,39.6,0,0.8187134502923976,24,1,311
0911444A,0,78.5,26.1,0,0.92,19,1,480
0755433Y,56,85.5,37.1,0,0.9692307692307692,20,1,384
0755095F,0,108.4,36.7,0,1.0764331210191083,20,1,326
0622087G,0,78.8,24.3,0,1.034934497816594,21,1,466
9720682J,72,89.2,23.9,0,0.9031007751937985,29,1,491
0720800D,0,101.6,36.4,0,0.8484848484848485,20,1,305
0760021K,0,108.7,32.0,1,0.9272030651340997,22,1,503
0950945L,51,107.5,33.0,1,0.8132530120481928,32,1,602
0130139F,0,83.5,27.9,1,0.8369565217391305,25,1,338
9720708M,0,77.2,23.0,1,1.2380952380952381,34,1,376
0752695X,0,93.5,31.0,1,1.0804020100502512,22,1,414
0501525L,32,99.7,33.3,1,1.1857142857142857,24,1,306
0931143M,59,91.2,30.2,1,1.0144508670520231,19,1,697
0595175E,0,100.0,33.4,1,1.056910569105691,15,1,506
0071169H,93,100.2,33.0,1,0.919093851132686,13,1,593
0922595W,0,90.1,31.1,1,0.8803986710963455,24,1,566
0421086C,0,103.8,34.8,1,0.9381720430107527,24,1,721
0940071S,0,103.8,31.1,1,0.8203125,15,1,466
9740022F,0,77.5,25.4,1,0.8562091503267973,22,1,568
0440055W,0,123.6,40.1,1,1.09375,20,1,670
0911022S,0,102.6,35.4,1,1.0460048426150121,33,1,845
0451544J,0,92.0,29.6,1,1.070631970260223,19,1,557
0601471Y,0,106.8,29.2,1,1.1717791411042944,19,1,708
0360496U,0,98.6,31.9,1,1.0403587443946187,16,1,455
0593237Y,33,94.3,35.0,1,0.9042145593869731,20,1,497
0830181W,44,69.1,19.4,1,0.8417508417508418,22,1,547
0952128X,0,75.8,27.7,1,0.966789667896679,23,1,533
0692419E,52,97.2,33.2,1,0.9425981873111783,21,1,643
0131881Z,0,103.1,32.3,1,0.8426395939086294,19,1,1089
0240052B,0,100.2,31.0,1,0.7629310344827587,18,1,409
0762226G,0,89.9,26.7,1,1.12,25,1,318
0593254S,34,68.5,23.4,1,0.9675324675324676,19,1,303
0383056R,0,88.3,25.8,1,0.8715953307392996,23,1,481
0760026R,51,82.3,24.3,1,0.9487179487179487,26,1,380
0270022C,0,90.5,31.6,1,0.9488817891373802,15,1,610
0761777U,0,85.9,33.6,1,0.9918367346938776,21,1,488
0160024P,0,98.0,30.3,1,0.9577922077922078,36,1,603
0951139X,0,93.1,27.9,1,0.8207171314741036,20,1,457
0760083C,0,88.2,28.2,1,0.8797250859106529,20,1,547
0932311G,64,93.9,31.0,1,1.0573248407643312,22,1,646
0623919Y,0,88.5,30.2,1,0.9717741935483871,24,1,489
0951141Z,0,98.5,32.8,1,0.8176470588235294,24,1,618
0940100Y,0,103.3,34.8,1,0.8654708520179372,17,1,416
0110810W,77,97.1,30.7,1,0.9209932279909706,21,1,851
0762461M,0,94.7,34.0,1,1.0426829268292683,19,1,335
0500095G,73,91.6,33.9,1,1.1333333333333333,21,1,384
0672765S,0,94.9,32.8,1,0.8782608695652174,15,1,648
0930593P,53,102.8,31.9,1,0.987146529562982,21,1,773
0930586G,0,99.4,30.8,1,1.0919117647058822,20,1,569
0870071E,0,111.0,33.6,1,0.9076923076923077,23,1,744
0121213D,0,98.2,32.1,1,0.906832298136646,13,1,614
0110010B,0,101.7,32.3,1,0.9731182795698925,21,1,367
0690131T,0,112.5,42.9,1,1.1013824884792627,18,1,456
0240119Z,51,90.1,30.4,1,1.007843137254902,21,1,512
0932582B,0,79.5,25.3,1,0.9010238907849829,17,1,557
0840020R,0,100.6,33.6,1,0.82,21,1,637
0132217P,63,91.6,30.9,1,0.9464285714285714,18,1,654
0931439J,0,111.9,40.5,1,0.9080459770114943,19,1,664
0300929X,59,99.8,39.5,1,0.8888888888888888,19,1,561
0410768M,98,100.0,33.0,1,0.9097938144329897,18,1,741
0671909L,0,105.6,43.1,1,0.9848484848484849,28,1,524
0911152H,0,99.3,32.9,1,1.0562347188264058,19,1,841
0132204A,0,76.8,24.0,1,0.8929889298892989,22,1,513
0840698C,0,97.0,32.5,1,1.013550135501355,22,1,743
0501206P,73,95.8,32.7,1,0.933920704845815,23,1,439
0772090D,54,98.5,32.2,1,1.1117021276595744,19,1,397
0840116V,94,94.6,31.4,1,0.9256410256410257,18,1,751
0390907Z,118,95.2,32.8,1,0.8765432098765432,21,1,608
0690007H,60,98.8,33.5,1,0.9481481481481482,18,1,789
0840114T,101,88.1,32.4,1,0.9075,24,1,763
0840759U,40,100.2,30.7,1,0.9740820734341252,25,1,914
0911146B,56,98.0,29.9,1,1.0515759312320916,20,1,716
0870771R,64,99.1,36.4,1,0.8346055979643766,28,1,721
0593488W,55,88.8,32.8,1,0.978021978021978,17,1,540
0470103G,55,90.4,32.9,1,1.015015015015015,19,1,671
0761786D,0,101.9,36.1,1,0.9811320754716981,22,1,420
0260012X,0,101.2,31.9,1,0.8616071428571429,22,1,417
0910718L,0,92.2,29.9,1,1.0223463687150838,21,1,724
0780856G,0,111.1,37.1,1,0.863481228668942,15,1,546
0620158K,0,82.8,27.1,1,1.054945054945055,21,1,561
0040022C,85,108.5,32.1,1,0.8982558139534884,16,1,653
9730091L,0,74.8,23.3,1,0.9686746987951808,18,1,817
0830833E,0,97.8,31.3,1,0.8666666666666667,20,1,728
0951696C,0,118.3,37.3,1,1.012,23,1,503
0460528Z,84,108.6,34.9,1,0.8708708708708709,24,1,623
0530790W,0,102.5,37.6,1,1.0318181818181817,21,1,447
9730370P,0,96.5,31.6,1,0.9940652818991098,21,1,672
0940551N,62,94.3,29.0,1,0.9287925696594427,23,1,623
9720083H,0,101.0,25.8,1,1.014218009478673,20,1,425
0910021D,59,93.8,28.9,1,0.8663101604278075,18,1,698
0560215E,63,98.1,31.9,1,0.8894472361809045,19,1,376
0911490A,59,103.8,34.6,1,0.764525993883792,20,1,577
0332190B,61,116.1,38.5,1,0.8774193548387097,22,1,582
0660523K,0,96.5,31.0,1,0.9980544747081712,21,1,1027
0951636M,0,103.4,33.6,1,0.8765432098765432,19,1,456
0752385K,56,101.5,35.7,1,0.9285714285714286,20,1,432
0440283U,58,97.2,39.7,1,0.8705357142857143,29,1,419
0762286X,0,102.5,31.6,1,1.0038610038610039,25,1,519
0350760L,0,96.6,40.0,1,0.9019607843137255,15,1,388
0830163B,50,91.6,28.8,1,0.9012345679012346,27,1,924
0400103V,102,97.9,33.6,1,0.9484536082474226,20,1,567
0940521F,0,89.5,24.8,1,0.9783549783549783,21,1,457
0900018F,0,97.1,38.4,1,0.9641434262948207,22,1,493
0622095R,56,78.5,24.4,1,0.8718861209964412,19,1,526
0791002K,117,89.4,26.3,1,0.9066147859922179,20,1,490
0672194W,48,102.2,37.1,1,0.8377659574468085,22,1,691
0021535H,0,100.8,35.4,1,0.9130434782608695,17,1,396
0040044B,0,93.7,36.1,1,0.9613259668508287,21,1,355
0941101L,0,99.4,32.9,1,1.0128205128205128,19,1,471
0572690P,27,78.1,28.9,1,0.9548872180451128,29,1,520
0573244S,45,97.6,30.0,1,1.0694006309148265,19,1,656
0595172B,32,112.8,36.3,1,0.8188824662813102,21,1,944
0881097P,0,102.9,33.2,1,1.0694864048338368,20,1,685
0761647C,49,91.1,28.9,1,0.832579185520362,19,1,405
0210024M,0,101.0,34.2,1,0.8913857677902621,33,1,505
0593246H,48,84.9,28.1,1,1.1379310344827587,20,1,620
0710534V,50,79.2,26.4,1,0.8455882352941176,22,1,502
0950039B,0,89.2,27.5,1,1.0869565217391304,15,1,480
9740577J,128,74.4,28.5,1,0.9368836291913215,21,1,982
0441610L,63,100.6,39.7,1,1.0833333333333333,17,1,525
0720799C,0,108.9,36.3,1,1.0564516129032258,23,1,510
0420035K,61,92.6,32.7,1,0.9968253968253968,27,1,629
0694296V,0,80.1,25.5,1,0.9722222222222222,23,1,497
0340025T,60,99.0,32.0,1,0.8042328042328042,21,1,682
0921623P,0,85.3,26.2,1,0.9491525423728814,19,1,575
0840029A,64,98.2,33.7,1,0.9096989966555183,21,1,571
0761745J,0,81.7,30.0,1,0.9525862068965517,23,1,453
0110665N,0,107.9,31.9,1,0.9761273209549072,16,1,745
0951403J,0,101.6,34.9,1,1.0035335689045937,18,1,567
0110021N,63,95.4,31.1,1,0.8797953964194374,19,1,735
0594409X,0,71.0,21.6,1,0.9172932330827067,16,1,255
0611156A,0,91.1,28.3,1,1.1715686274509804,23,1,443
0780569V,54,99.3,33.8,1,0.869942196531792,22,1,647
0271096V,0,99.7,33.4,1,0.9783549783549783,19,1,457
0240047W,33,90.3,30.3,1,0.775,19,1,355
9730247F,0,68.9,20.0,1,1.069408740359897,34,1,805
0300006U,0,99.6,31.3,1,1.1166666666666667,15,1,508
0010802S,96,69.0,21.2,1,0.9473684210526315,14,1,740
0610056E,0,93.1,30.4,1,0.8342245989304813,21,1,343
0760173A,0,96.6,33.0,1,0.9627906976744186,16,1,422
0611023F,0,91.6,34.5,1,1.217616580310881,25,1,428
0440314C,57,101.2,37.9,1,0.8409090909090909,19,1,729
0060085K,0,86.5,30.2,1,0.9797979797979798,36,1,588
9710073C,0,89.6,31.7,1,0.8301886792452831,19,1,388
0371248F,0,105.6,32.6,1,0.9914163090128756,21,1,464
0510011K,0,95.6,33.4,1,1.0468227424749164,27,1,612
0594644C,0,92.3,34.1,1,0.8817733990147784,17,1,382
0311319R,79,92.0,32.9,1,0.9850374064837906,21,1,796
0790052C,74,103.3,36.7,1,0.9164086687306502,29,1,619
0692700K,53,95.7,34.1,1,0.9712918660287081,23,1,824
0132496T,0,94.8,31.7,1,1.0585774058577406,22,1,492
0701192R,62,89.1,31.2,1,0.955719557195572,19,1,530
0600032J,0,97.1,29.9,1,0.9,24,1,627
0491859E,62,88.4,32.7,1,0.7331081081081081,19,1,513
0622793Z,48,81.9,29.3,1,0.705685618729097,22,1,510
0280803W,0,99.4,33.7,1,1.0704845814977975,23,1,470
0301721H,0,108.7,31.0,1,0.9866666666666667,30,1,447
0560214D,64,98.6,33.4,1,0.8808664259927798,21,1,521
0870817R,0,103.7,33.8,1,1.127659574468085,22,1,500
0890977D,60,89.3,29.2,1,0.9,23,1,437
0951672B,0,101.1,34.3,1,0.8060344827586207,24,1,419
0900017E,0,85.9,31.0,1,0.9691358024691358,21,1,319
0132326H,0,94.0,31.4,1,1.1153846153846154,20,1,495
0311851U,0,96.2,32.0,1,1.2171717171717171,15,1,439
0170081W,69,93.3,29.6,1,0.8347826086956521,18,1,422
0260029R,0,82.7,29.0,1,0.9364406779661016,23,1,457
0770027L,0,106.0,33.8,1,0.8863636363636364,22,1,581
0370764E,0,93.8,38.0,1,1.2119565217391304,19,1,407
0593486U,0,74.6,24.8,1,1.0838323353293413,21,1,348
0921494Z,0,94.6,35.0,1,0.993006993006993,18,1,570
0560223N,71,101.9,35.2,1,1.0464285714285715,32,1,573
0511214T,48,82.8,29.3,1,0.9400921658986175,23,1,421
0950888Z,45,81.2,30.1,1,0.9816272965879265,20,1,755
0421487N,59,102.7,32.5,1,1.019438444924406,23,1,935
0620051U,46,75.7,27.7,1,1.0731707317073171,17,1,425
0251116C,0,101.0,35.6,1,1.052,26,1,513
0110026U,62,96.5,32.6,1,0.9851632047477745,19,1,669
0752958H,0,93.8,31.1,1,1.051948051948052,18,1,474
0110686L,0,94.8,31.9,1,0.946236559139785,22,1,724
0950887Y,0,88.6,28.9,1,0.9947780678851175,20,1,764
0080897G,0,94.9,31.9,1,1.076086956521739,24,1,382
0951050A,0,87.8,29.5,1,0.8848684210526315,20,1,573
0541288G,0,83.4,26.5,1,0.810126582278481,14,1,429
0693093M,0,92.4,29.9,1,0.8528138528138528,17,1,428
0870023C,0,104.3,35.4,1,0.8785425101214575,17,1,464
0700787A,54,99.0,35.6,1,0.8968253968253969,29,1,717
0060841G,74,88.6,28.7,1,0.9173333333333333,24,1,719
0890017K,0,87.2,24.9,1,0.9197860962566845,20,1,359
0110666P,0,99.9,33.5,1,1.0100671140939597,18,1,599
0010974D,107,89.6,30.4,1,1.0689655172413792,23,1,600
0601296H,0,91.6,28.5,1,0.9285714285714286,31,1,459
0360543V,0,95.7,33.3,1,1.3289473684210527,15,1,354
0380013H,0,81.4,24.0,1,1.0093457943925233,22,1,430
0110025T,0,114.4,33.8,1,1.1145374449339207,12,1,480
0623014P,55,98.9,34.0,1,0.8700980392156863,21,1,763
0772274D,0,100.5,31.0,1,0.9285714285714286,25,1,567
0310083X,82,93.2,33.5,1,0.8285714285714286,21,1,512
0300055X,0,104.8,32.0,1,1.041025641025641,28,1,796
0594533G,0,74.8,25.4,1,1.1341991341991342,16,1,493
0080954U,0,82.4,27.9,1,0.9225806451612903,14,1,298
0561330S,51,92.7,38.1,1,1.225,19,1,356
0922630J,0,126.9,34.1,1,0.7380952380952381,21,1,584
0951196J,0,75.0,23.4,1,0.9467084639498433,16,1,621
0950943J,58,71.7,21.4,1,0.9793388429752066,19,1,479
0301327E,0,97.5,33.5,1,1.168458781362007,22,1,605
0090056M,0,93.1,33.2,1,1.1263940520446096,27,1,572
0572187T,0,92.5,32.4,1,0.8385416666666666,23,1,353
0910859P,61,99.4,36.8,1,1.106628242074928,22,1,731
0050025A,62,105.1,32.8,1,0.9594594594594594,22,1,580
0301211D,93,95.7,34.2,1,1.025974025974026,18,1,624
0300036B,0,98.3,28.1,1,1.075268817204301,23,1,386
0330146E,0,98.1,37.7,1,1.0472727272727274,21,1,563
9720006Z,0,95.4,31.6,1,0.8225806451612904,28,1,226
0382114S,0,119.1,42.1,1,0.8919753086419753,16,1,613
9720412R,115,82.1,25.4,1,0.8898305084745762,24,1,446
0950893E,0,100.9,30.6,1,0.8708708708708709,21,1,623
0121273U,0,98.4,34.3,1,0.8861788617886179,26,1,464
0593252P,53,82.3,29.0,1,0.8689320388349514,20,1,385
0932333F,0,105.7,37.5,1,0.85,27,1,555
0541211Y,0,106.5,32.6,1,0.9464285714285714,19,1,545
0340051W,0,93.8,32.0,1,0.9365079365079365,19,1,488
0170063B,89,98.0,32.5,1,1.0025062656641603,20,1,799
0300031W,0,99.2,29.3,1,0.8531468531468531,21,1,530
0350969N,62,93.4,31.7,1,1.1018518518518519,16,1,454
0950037Z,0,91.8,27.9,1,1.1157407407407407,16,1,457
0271289E,56,83.7,26.6,1,1.1150793650793651,17,1,533
0771656G,61,100.0,32.3,1,0.9273927392739274,20,1,584
0300946R,0,121.8,36.4,1,0.9098712446351931,18,1,445
0780720J,0,114.8,35.5,1,0.9011976047904192,23,1,635
9720513A,68,80.6,24.9,1,0.8979591836734694,23,1,279
0671508A,0,77.7,26.8,1,0.9226006191950464,23,1,621
0594879H,0,81.2,28.6,1,0.8805031446540881,20,1,299
0941971G,58,99.8,34.2,1,0.8183962264150944,24,1,771
0010975E,0,105.4,31.3,1,0.8140161725067385,23,1,673
0100947A,0,86.5,33.1,1,0.8651685393258427,33,1,498
0240004Z,0,100.4,34.2,1,0.8961538461538462,16,1,493
0595170Z,0,98.8,32.6,1,0.9885714285714285,20,1,696
0941039U,0,86.8,28.4,1,0.868421052631579,18,1,426
0941411Y,52,101.3,36.4,1,0.9512893982808023,19,1,681
0911255V,63,116.7,34.4,1,0.8026666666666666,20,1,676
0920592U,0,88.6,30.5,1,1.0316901408450705,19,1,577
0620154F,0,87.9,28.9,1,0.9361022364217252,20,1,606
0311231V,0,97.5,42.5,1,0.8846153846153846,23,1,392
0622863A,40,97.7,32.3,1,1.1171875,24,1,542
0540047H,0,110.6,40.3,1,1.049645390070922,21,1,289
